ID,SMILES,Standard Relation,IC50,pIC50,bioactivity
CHEMBL116438,COc1cc(/C=C/C(=O)/C=C(O)/C=C/c2ccc(O)c(OC)c2)ccc1O,'=',10769,4.97,inactive
CHEMBL1228,CCCCC1C(=O)N(c2ccccc2)N(c2ccc(O)cc2)C1=O,,43545,,inactive
CHEMBL126602,O=C1Nc2ccccc2/C1=C\C(=O)c1ccccc1,,49743,,inactive
CHEMBL1299716,Cc1n[nH]c(C)c1CCCCOc1ccc([N+](=O)[O-])cc1,'=',5256,5.28,active
CHEMBL1300370,O=C1Nc2ccc(Br)cc2C12NNc1ccccc1O2,'=',11798,4.93,inactive
CHEMBL1301371,Cc1cccc(NC(=O)c2nc(S(=O)(=O)Cc3ccccc3)ncc2Cl)c1,'=',5510,5.26,active
CHEMBL1301723,N#CC(C#N)=C1C=CC=CN1/C(=C\c1ccco1)C(=O)c1ccccc1,'=',15868,4.8,inactive
CHEMBL1301731,Nc1ccc2c(C(F)(F)F)cc(=O)oc2c1,'=',4768,5.32,active
CHEMBL1303426,Cc1c(Nc2cc(Cl)c3nonc3c2[N+](=O)[O-])c(=O)n(-c2ccccc2)n1C,'=',6002,5.22,active
CHEMBL1303641,COCCCNc1c(O)nc2cccc3c2c1-c1ccccc1C3=O,'=',1840,5.74,active
CHEMBL1303810,O=C(OCn1ncc(Br)c(Br)c1=O)c1ccccc1Cl,'>',49761,,inactive
CHEMBL1303914,COc1ccc(C2=CC(=O)N(Nc3ccccc3)C2=O)cc1,,49781,,inactive
CHEMBL1304024,O=Cc1ccc2cccc3c2c1N=C(C(F)(F)F)N3,'=',8759,5.06,active
CHEMBL1305960,O=C(CN(c1cccc(C(F)(F)F)c1)S(=O)(=O)c1ccc(Cl)c([N+](=O)[O-])c1)NCc1ccc(F)cc1,,49766,,inactive
CHEMBL1306565,CCN(CC)c1ccc2c(-c3ccc(S(=O)(=O)[O-])cc3S(=O)(=O)[O-])c3ccc(=[N+](CC)CC)cc-3oc2c1.[Na+],'>',59640,,inactive
CHEMBL1306900,COc1cccc2sc(N(CCCN(C)C)C(=O)CCS(=O)(=O)c3ccccc3)nc12,,17165,,inactive
CHEMBL1307050,CCc1ccc(NC(=O)c2nc(S(=O)(=O)Cc3ccccc3)ncc2Cl)cc1,'=',12102,4.92,inactive
CHEMBL1307636,O=S(=O)(c1cnc(Cl)c(Br)c1)N1CCc2ccccc21,,49751,,inactive
CHEMBL1308255,O=C(/C=C/c1cn(CC(O)CN2CCCCCC2)c2ccccc12)c1cccs1,'=',8346,5.08,active
CHEMBL1308404,O=[N+]([O-])c1c(Nc2ccc(O)cc2)cc(Cl)c2nonc12,'=',6375,5.2,active
CHEMBL1308497,O=C(Nc1ccc2nc3n(c(=O)c2c1)CCCCC3)c1c(F)ccc([N+](=O)[O-])c1F,,49745,,inactive
CHEMBL1309228,CS(=O)(=O)c1ccc(C(=O)OCc2nnc(-c3ccccc3)o2)cc1[N+](=O)[O-],,49751,,inactive
CHEMBL1310325,CCN(CC)CCOC(=O)c1ccc(N/C=C(/C#N)c2nc(-c3cc4ccccc4oc3=O)cs2)cc1,'>',59640,,inactive
CHEMBL131037,COc1ccc(OC)c2c1C(=O)C(Cl)=C(Cl)C2=O,'=',6759,5.17,active
CHEMBL1310644,Cc1cc(N2CCOCC2)ccc1/C=C\[N+](=O)[O-],,49708,,inactive
CHEMBL1311185,O=C(Nc1ccccc1)C1=C(c2ccccc2)S(=O)(=O)CCS1(=O)=O,,49744,,inactive
CHEMBL1314447,Cc1c(C)c2c(OCC(=O)N3CCC[C@H]3C(=O)O)cc3c(c2oc1=O)CCC(C)(C)O3,'=',525,6.28,active
CHEMBL1314602,COc1ccc(-n2sc3ccc(F)cc3c2=O)cc1,,19902,,inactive
CHEMBL1315870,CCCCc1cc(=O)oc2c3c(cc(OCC(=O)N4CCC[C@H]4C(=O)O)c12)OC(C)(C)CC3,'=',8931,5.05,active
CHEMBL1315948,CCc1ccc(Nc2n[n+](-c3ccccc3)c(-c3c(Cl)cccc3Cl)s2)cc1.[Cl-],'=',3124,5.5,active
CHEMBL1315955,COC(=O)c1sccc1NC(=O)c1ccc(C#N)cc1,'>',59640,,inactive
CHEMBL1316002,Cn1c2ccccc2c(=O)c2ccc(C#Cc3ccc(N)cc3)cc21,'=',5265,5.28,active
CHEMBL131770,O=C(/C=C(O)/C=C/c1ccc(O)cc1)/C=C/c1ccc(O)cc1,'=',5133,5.29,active
CHEMBL1317758,COc1ccc(OC)c2sc(N(CCCN(C)C)C(=O)CCS(=O)(=O)c3ccccc3)nc12.Cl,,32077,,inactive
CHEMBL1319018,CN1CCN(c2ccc(S(=O)(=O)N3CCCCC3)cc2NC(=O)/C=C/c2ccc(Cl)c([N+](=O)[O-])c2)CC1,,49756,,inactive
CHEMBL1319026,COc1ccc(C(=O)c2sc3nc(C)cc(-c4cccs4)c3c2N)cc1OC,'=',8846,5.05,active
CHEMBL1319461,CCCN1C(=O)/C(=C/c2ccc(N3CCCC3)c(C)c2)NC1=S,'=',6655,5.18,active
CHEMBL1319618,O=c1c(Cl)c(Cl)cnn1Cc1nnc(-c2ccccc2Br)o1,,49756,,inactive
CHEMBL1319867,O=[N+]([O-])c1c(Nc2ccccc2O)cc(Cl)c2nonc12,'=',18414,4.74,inactive
CHEMBL1320566,Cc1ccc2[nH]cc(/C=C/c3cc[n+](C)cc3)c2c1.[I-],'=',25802,4.59,inactive
CHEMBL1322893,COc1ccccc1-c1csc(-n2ncc(C#N)c2N)n1,'>',59640,,inactive
CHEMBL1323536,O=C(NCc1cccnc1)/C(=C\c1ccc(-c2ccc(Br)cc2)o1)S(=O)(=O)c1ccccc1,,49751,,inactive
CHEMBL1324305,Cc1c(Cl)c(-c2nnc(S)n2-c2ccc(F)cc2)nn1C,'=',6248,5.2,active
CHEMBL1326008,Cc1c(C)c2c(OCC(=O)N[C@@H](C)C(=O)O)cc3c(c2oc1=O)CCC(C)(C)O3,'=',1538,5.81,active
CHEMBL1327783,O=C(c1nnsc1[S+]([O-])c1ccc(Cl)cc1)N1CCOCC1,'=',30840,4.51,inactive
CHEMBL1328086,O=C(O)C1Sc2nc(O)sc2C2c3cc(Cl)ccc3OC(=O)C12,'>',59640,,inactive
CHEMBL1328892,O=C(O)c1[nH]c2ccc(Cl)cc2c1CCN1C(=O)c2ccccc2C1=O,'=',373.61,6.43,active
CHEMBL1331195,CN(C)/C=C1\C=C2C(=O)c3ccccc3N2C1=O,'=',894.28,6.05,active
CHEMBL1331822,O=C(c1ccccc1)c1cc(Cl)ccc1N1C(=O)C=CC1=O,'=',14720,4.83,inactive
CHEMBL1332454,CN(c1ccccc1)S(=O)(=O)c1ccc(NC(=O)c2nc(S(C)(=O)=O)ncc2Cl)cc1,'=',5743,5.24,active
CHEMBL1332522,CCCCN(C)C1=CC2=CC(=C(C#N)C#N)CCC2CC1,'=',4065,5.39,active
CHEMBL1333292,COc1ccc(-c2occ(C(=O)O)c2C(=O)O)cc1,'=',35802,4.45,inactive
CHEMBL1333510,O=C(Nc1ccccc1)c1nnsc1S(=O)(=O)c1ccc(Cl)cc1,,18824,,inactive
CHEMBL1334550,Cc1cccc(CS(=O)(=O)c2ncc(Cl)c(C(=O)NCc3ccccc3)n2)c1,,12265,,inactive
CHEMBL1337235,CS(=O)(=O)c1ncc(Cl)c(C(=O)Nc2ccc(N3CCOCC3)cc2)n1,'=',10235,4.99,inactive
CHEMBL1338304,CCS(=O)(=O)c1ncc(Cl)c(C(=O)Nc2ccc(S(=O)(=O)N3CCC(C)CC3)cc2)n1,'=',8613,5.07,active
CHEMBL1338958,CC[C@@H](C)[C@H](NC(=O)OC(C)(C)C)c1nnc(S(=O)(=O)Cc2cc(C)ccc2C)o1,,15204,,inactive
CHEMBL1340014,O=c1c2ccccc2cnn1Cc1nnc(S)n1C1CC2CCC1C2,'=',9662,5.01,active
CHEMBL1340895,COc1cc2c3nnc(-c4ccc(F)cc4)c-3cn(Cc3cccc(C)c3)c2cc1OC,'=',3924,5.41,active
CHEMBL1342053,CCn1c(=O)c([N+](=O)[O-])c(Cl)c2ccccc21,'=',28626,4.54,inactive
CHEMBL1342574,Cc1ccc(NN2C(=O)C=C(c3ccccc3)C2=O)cc1,,28689,,inactive
CHEMBL1343392,Cc1ccc(C(=O)OCn2ncc(Cl)c(Cl)c2=O)cc1,'=',48731,4.31,inactive
CHEMBL1343705,O=S(=O)(Nc1cccc2ncccc12)c1cccs1,'>',49744,,inactive
CHEMBL1345017,O=c1ccc2cc3c4c(c2o1)CCCN4CCC3,'=',7117,5.15,active
CHEMBL1345175,CC1CCCCC1n1c(S)nnc1-c1cccnc1,'=',4046,5.39,active
CHEMBL1345758,COc1ccccc1-c1nnc(S)n1Cc1ccco1,'=',6527,5.18,active
CHEMBL1346167,O=C(CSc1nnc(NC(=O)c2cccc(F)c2)s1)NCc1ccco1,'=',4552,5.34,active
CHEMBL1346587,COc1ccc(-c2cc(N)n(S(=O)(=O)c3c(F)c(F)c(F)c(F)c3F)n2)cc1OC,,34276,,inactive
CHEMBL1348057,O=C(NCc1cccnc1)/C(=C/c1ccc(-c2ccc(Cl)cc2)o1)S(=O)(=O)c1ccccc1,,49744,,inactive
CHEMBL1348676,Cc1nn(CCc2nnc(S)n2-c2cccc(Cl)c2)c(C)c1[N+](=O)[O-],'=',4310,5.37,active
CHEMBL1350432,S=c1sc2c(Cl)ncnc2n1-c1ccccc1,'>',49712,,inactive
CHEMBL1351081,Cc1ccc(NC(=O)c2cc(N3C(=O)C=CC3=O)ccc2N2CCOCC2)cc1Cl,'=',9482,5.02,active
CHEMBL1352171,Cc1ccc(-n2nc3c(N4CCC(C(=O)NCc5ccccc5C)CC4)nnc(C)c3c2C)cc1,,16168,,inactive
CHEMBL1352586,CCCC(=O)OCCNc1cc(Sc2nc3ccccc3[nH]2)c2nonc2c1[N+](=O)[O-],'=',10949,4.96,inactive
CHEMBL1353015,O=C(Cn1ncc(Cl)c(Cl)c1=O)NCC1CCCCC1,,49756,,inactive
CHEMBL1353194,COc1ccc(-c2cc(C(F)(F)F)nc(S(C)(=O)=O)n2)cc1,,49761,,inactive
CHEMBL1358969,O=C(CSc1nnc(NC(=O)C2CC2)s1)NCc1ccccc1Cl,'=',4623,5.33,active
CHEMBL1359902,COc1ccc(C(=O)/C=C/C(=O)N(CC(=O)NC2CCCCC2)CC2CCCO2)c(O)c1,'=',23288,4.63,inactive
CHEMBL1360031,Brc1cc(Br)c2nc(-c3ccc(N4CCOCC4)cc3)ccc2c1,'=',2366,5.63,active
CHEMBL1361740,CCn1nc(C)cc1-c1nnc(Sc2ncc([N+](=O)[O-])s2)n1C,'=',46049,4.34,inactive
CHEMBL1361821,CCOC(=O)COc1ccccc1/C=C\[N+](=O)[O-],'>',49748,,inactive
CHEMBL1361913,O=C(c1ccccc1)c1ccccc1N1C(=O)C=CC1=O,'=',15343,4.81,inactive
CHEMBL1362660,COc1cc(OC)nc(-n2ncc(Br)c(Br)c2=O)n1,'>',49746,,inactive
CHEMBL1362746,CCN(CC)C1=CC2=CC(=C(C#N)C#N)CCC2CC1,'=',2396,5.62,active
CHEMBL1364723,CC1=C(C)C[S+]([O-])N(S(=O)(=O)c2ccc(Cl)cc2)C1,,25756,,inactive
CHEMBL1365425,Cc1noc2ncnc(Sc3c(Cl)cccc3Cl)c12,,49756,,inactive
CHEMBL1368761,COc1cc2c(cc1OC)C(C)N(C(=O)c1nccnc1C(=O)O)CC2,'=',5735,5.24,active
CHEMBL1370681,COC(=O)CCS(=O)(=O)c1nc(-c2ccccc2)cc(C(F)(F)F)n1,,16389,,inactive
CHEMBL1370704,Cc1cc(C)c2c(=O)n(CC(=O)Nc3ccc(Cl)cc3)sc2n1,,23611,,inactive
CHEMBL1370844,O=[N+]([O-])c1ccc(N(c2ccccc2)c2ccccc2)cc1,'=',6941,5.16,active
CHEMBL1370977,Cc1cc(N2CCN(C)CC2)ccc1NC(=O)c1c2c(nc3ccccc13)CCN(Cc1ccccc1)C2,,12330,,inactive
CHEMBL1371319,COc1ccc(OC)c(C2C(C(=O)c3ccco3)=C(O)C(=O)N2Cc2cccnc2)c1,'=',700,6.16,active
CHEMBL1371432,COCC(C)NC(=O)c1cc2cccc([N+](=O)[O-])c2[nH]1,'=',6150,5.21,active
CHEMBL1372112,Cl.O=C(c1ccc(Br)cc1)C(CN1CCOCC1)c1ccccc1,,49751,,inactive
CHEMBL1372650,N#Cc1ccc(-c2ccco2)nc1SCC(=O)c1ccc(Cl)cc1,'=',10135,4.99,inactive
CHEMBL1372738,CCOc1ccc(-c2cc(C(=O)NCCCn3ccnc3)c3cc(Br)ccc3n2)cc1,'>',59640,,inactive
CHEMBL1372920,O=C1c2cccc3c(O)ccc(c23)C(=O)N1c1ccc(Cl)cc1,'=',19116,4.72,inactive
CHEMBL1373572,COc1ccc(-c2cc(C(F)(F)F)nc(N3CCN(C)CC3)n2)cc1,'>',59640,,inactive
CHEMBL1373849,O=C1/C(=C\c2cc(Cl)c(O)c(Cl)c2)SC(=S)N1Cc1ccccc1,'=',49421,4.31,inactive
CHEMBL1374860,CC1=CC(=O)C=C(C)C1=NOS(=O)(=O)c1ccccc1,,49751,,inactive
CHEMBL1374957,C=CCOc1cccc(C(=O)/C=C2/C(=O)Nc3ccccc32)c1,,49750,,inactive
CHEMBL1375338,CS(=O)(=O)c1nc(-c2ccc(F)cc2)cc(C(F)(F)F)n1,'=',27351,4.56,inactive
CHEMBL1375884,Cc1cccc(CS(=O)(=O)c2ncc(Cl)c(C(=O)Nc3ccc(F)cc3)n2)c1,'=',9482,5.02,active
CHEMBL1376656,O=C(CSc1nnc(NC(=O)c2ccccc2)s1)NCc1ccco1,'=',4627,5.33,active
CHEMBL1378904,O=C(CSc1nnc(NC(=O)c2ccccc2[N+](=O)[O-])s1)NCc1ccco1,'=',2621,5.58,active
CHEMBL137913,CN(C)c1ccc(/C=C/C(=O)c2ccc(O)cc2)cc1,'=',4770,5.32,active
CHEMBL1379677,O=C1c2ccccc2-c2onc3ccc(NCCCn4ccnc4)c1c23,'=',1717,5.76,active
CHEMBL1379746,O=C(c1ccco1)N1N=C(c2ccc(Cl)cc2)CC1c1ccco1,'=',1606,5.79,active
CHEMBL1381292,Sc1nnc(Cn2c(-c3ccccn3)nc3ccccc32)n1-c1ccc2c(c1)OCCO2,'=',4031,5.39,active
CHEMBL1382215,Cc1cc(Br)ccc1NC(=O)CNC(=O)Cn1ncc(Cl)c(Cl)c1=O,,49747,,inactive
CHEMBL1384167,Cc1ccccc1Oc1cc(-n2ncc(Cl)c(Cl)c2=O)ncn1,,49750,,inactive
CHEMBL1385690,CCCC(=O)OCCNc1cc(Sc2nccn2C)c2nonc2c1[N+](=O)[O-],'=',8309,5.08,active
CHEMBL1385771,CCc1ccc(C(=O)Cn2ncc(Cl)c(Cl)c2=O)cc1,,49745,,inactive
CHEMBL1386978,COc1ccc(C(=O)c2sc3nc(-c4ccccc4)ccc3c2N)cc1OC,'=',5800,5.24,active
CHEMBL1387110,Nc1c(C(=O)Nc2nc3ccccc3s2)sc2nc(-c3cccs3)ccc12,'=',3934,5.41,active
CHEMBL1387366,CNc1ccc2c3c(cccc13)C(=O)N(C)C2=O,'=',3060,5.51,active
CHEMBL1388851,C=C(C)Cn1c(S)nnc1-c1cccs1,'=',1385,5.86,active
CHEMBL1389969,Sc1nnc(-c2ccco2)n1Cc1ccccc1,'=',3514,5.45,active
CHEMBL1390220,CC(C)Cn1c(S)nnc1-c1ccco1,'=',4368,5.36,active
CHEMBL1390797,COc1ccc(C(=O)c2sc3nc(C)cc(-c4cccs4)c3c2N)cc1,'=',3855,5.41,active
CHEMBL1390971,Cc1nn(C)c(C)c1N1C(=O)c2cccc3c(N)ccc(c23)C1=O,'=',8990,5.05,active
CHEMBL1391244,CC(C)(C)c1ccc(-c2nnc(S)n2CCCN2CCOCC2)cc1,'=',6728,5.17,active
CHEMBL1392848,Nc1ccc(-c2c3ccc(=O)cc-3oc3cc(O)ccc23)cc1C(=O)O,'=',4473,5.35,active
CHEMBL1396129,COc1ccc(-c2cc(=O)oc3c(C)c(OCC(=O)NCCCn4ccnc4)ccc23)cc1,'=',33921,4.47,inactive
CHEMBL1397449,CCc1cc(=O)oc2c(C)c(OCC(=O)N3CCC[C@@H]3C(=O)O)ccc12,'=',8963,5.05,active
CHEMBL1397665,Clc1nssc1=Nc1nncs1,,49761,,inactive
CHEMBL1398345,CCN1C(=O)c2cccc3c(N)ccc(c23)C1=O,'=',8243,5.08,active
CHEMBL1398812,O=[N+]([O-])c1ccc(N2CCCCCC2)c2nonc12,'=',57858,4.24,inactive
CHEMBL1399400,O=C1C2C(c3ccccc3)C=CC(c3ccccc3)C2C(=O)N1c1ccncc1,'=',62430,4.21,inactive
CHEMBL1399957,CCC(C)Sc1ccc(-c2nc3cnccn3c2NC2CCCCC2)cc1.O=C(O)C(F)(F)F,'=',3685,5.43,active
CHEMBL140,COc1cc(/C=C/C(=O)CC(=O)/C=C/c2ccc(O)c(OC)c2)ccc1O,'=',7751,5.11,active
CHEMBL1400031,Fc1ccccc1-c1nnc(S)n1Cc1ccccc1,'=',4136,5.38,active
CHEMBL1401040,Cc1ccc(NC(=O)Cn2ncc(Cl)c(Cl)c2=O)cc1S(=O)(=O)N1CCCCC1,,49756,,inactive
CHEMBL1401466,O=C(C1=C(O)C(=O)N(Cc2cccnc2)C1c1ccccn1)c1ccccc1,'=',2170,5.66,active
CHEMBL1402332,COc1ccc(CNC(=O)c2nc(S(=O)(=O)Cc3ccccc3)ncc2Cl)cc1,,20995,,inactive
CHEMBL1402778,O=C(CSc1nnc(NC(=O)C2CCCCC2)s1)NCc1ccco1,'=',2232,5.65,active
CHEMBL1403329,Cn1ccnc1Sc1cc(NCCCO)c([N+](=O)[O-])c2nonc12,,18219,,inactive
CHEMBL1404578,COc1ccc(OC)c(NC(=O)c2nc(S(=O)(=O)Cc3ccccc3)ncc2Cl)c1,'=',6715,5.17,active
CHEMBL1405717,N#C/C(C(=O)Nc1ccc(Cl)cc1)=C(/S)Nc1ccccc1,,49751,,inactive
CHEMBL1405830,Nc1c(C(=O)N2CCCC2)sc2nc(-c3ccccc3)ccc12,'=',12441,4.91,inactive
CHEMBL1406130,O=c1c2cc(F)ccc2sn1-c1ccccc1,'=',23047,4.64,inactive
CHEMBL1406758,N#C/C(=C/c1ccc(-c2ccc(S(N)(=O)=O)cc2)o1)c1nc2ccccc2s1,'=',5086,5.29,active
CHEMBL1407961,CCC1CCCCN1S(=O)(=O)c1ccc(NC(=O)c2nc(S(C)(=O)=O)ncc2Cl)cc1,'=',11063,4.96,inactive
CHEMBL1409608,CCOc1ccc(/C=C2\CCCc3c2nc2ccccc2c3C(=O)O)cc1OC,'=',36428,4.44,inactive
CHEMBL1409883,CCCNC(=O)c1nnsc1[S+]([O-])c1ccc(Cl)cc1,'=',15601,4.81,inactive
CHEMBL1410338,Cc1ccc(-c2nnc(S)n2-c2ccccc2)cc1,'=',10063,5,inactive
CHEMBL1410659,CC(=O)Nc1ccc(N2C(=O)c3cccc4c(O)ccc(c34)C2=O)cc1,'=',12602,4.9,inactive
CHEMBL1411388,CC(=O)Nc1ccc(S(=O)(=O)N2c3ccccc3C(C)=CC2(C)C)cc1,,49744,,inactive
CHEMBL1411914,O=Cc1c(O)nc2ccccc2c1NCc1ccc(Cl)cc1,'=',9800,5.01,active
CHEMBL1412067,CN1C(=O)c2cccc3c(N)ccc(c23)C1=O,'=',7167,5.14,active
CHEMBL1413510,Nc1ccc2c3c(cccc13)C(=O)N(c1ccccc1)C2=O,'=',10854,4.96,inactive
CHEMBL1413533,COc1ccccc1N1N=C(c2ccc([N+](=O)[O-])cc2)CC1c1ccccc1,'>',59640,,inactive
CHEMBL1413680,O=[N+]([O-])c1cnc(Sc2ccncn2)s1,'>',49691,,inactive
CHEMBL1414311,COc1nn(-c2ccccc2)c(=O)c(Cl)c1Cl,,49730,,inactive
CHEMBL1414554,O=P(O)(O)c1ccccc1OCCCCCOc1ccccc1P(=O)(O)O,'=',862,6.06,active
CHEMBL1414683,CC(C)(C)C(=O)Nc1nnc(SCC(=O)NCc2cccs2)s1,'=',874,6.06,active
CHEMBL1415221,Cn1c(S)nnc1-c1sccc1OCc1ccccc1,'=',1202,5.92,active
CHEMBL1415476,CCCCCCn1c(=O)[nH]c2nc3cc(N)ccc3nc2c1=O,'=',52496,4.28,inactive
CHEMBL1415903,Sc1nnc(-c2ccccc2)n1C1C=CCCC1,'=',4989,5.3,active
CHEMBL1415985,O=C(CN1C(=O)NC2(CCCCC2)C1=O)Oc1ccc2c(C(F)(F)F)cc(=O)oc2c1,'=',3479,5.46,active
CHEMBL1416020,Cc1ccc(C(=O)N/C(=C/c2ccc(-c3ccc([N+](=O)[O-])cc3)o2)C(=O)NCCCN(C)C)cc1,'=',6546,5.18,active
CHEMBL1416184,O=[N+]([O-])c1c(NCCO)cc(Sc2nc3ccccc3s2)c2nonc12,'=',9167,5.04,active
CHEMBL1416351,COc1ccc2c(Cl)c(C(=O)NCCCn3ccnc3)sc2c1Cl,'>',59640,,inactive
CHEMBL1417212,COc1ccccc1N1N=C(c2cccs2)CC1c1ccccc1,'=',3616,5.44,active
CHEMBL1417970,CCOC(=O)CS(=O)(=O)c1nc(-c2ccc(F)cc2)cc(C(F)(F)F)n1,'=',14423,4.84,inactive
CHEMBL1418079,OCCNc1c2ccccc2nc2c(F)c(F)c(F)c(F)c12,'=',2270,5.64,active
CHEMBL1418162,CC(=O)Oc1cccc(N2C(=O)c3cccc4c([N+](=O)[O-])ccc(c34)C2=O)c1,'=',4497,5.35,active
CHEMBL1418341,Cc1cccc2sc(N(CCCN(C)C)C(=O)CCS(=O)(=O)c3ccccc3)nc12,,49751,,inactive
CHEMBL1418428,Cc1cccc(N2C(=O)/C(=C\c3ccc(OC(F)F)cc3)c3ccccc3C2=O)c1,'=',3901,5.41,active
CHEMBL1418643,COc1cccc(NC(=O)c2nc(S(C)(=O)=O)ncc2Cl)c1,'=',8896,5.05,active
CHEMBL1419367,C=CCn1c(S)nnc1C1CC1,'=',8364,5.08,active
CHEMBL1419637,CCc1cc(=O)oc2cc(C)c(CN3CCCC3)c(O)c12,'=',6955,5.16,active
CHEMBL1419822,Cn1c(=O)[nH]c(=O)c2c1nc([N+](=O)[O-])n2Cc1ccccc1,'>',49797,,inactive
CHEMBL1420142,CN1/C(=C\C=C2/C(=O)Oc3ccccc3C2=O)C(C)(C)c2ccccc21,'=',31469,4.5,inactive
CHEMBL1420325,CS(=O)(=O)c1sc(C#N)c2c1C(=O)CC(c1ccccc1)C2,'=',7079,5.15,active
CHEMBL1422515,CC1CCCC(C)N1C(=O)CSc1nnc(NC(=O)c2cccs2)s1,'=',3920,5.41,active
CHEMBL1423567,COc1cc(/C=C/[N+](=O)[O-])ccc1OC(=O)c1cccnc1,,49761,,inactive
CHEMBL1423602,CSC[C@H](NC(=O)COc1cc2c(c3oc(=O)c(C)c(C)c13)CCC(C)(C)O2)C(=O)O,'=',4210,5.38,active
CHEMBL1423626,C=CCn1c(O)nnc1Sc1ncc([N+](=O)[O-])s1,,41976,,inactive
CHEMBL1424340,CCN(CC)C(=O)CSc1nc2ccc(NC(=O)CSc3nccn3C)cc2s1,'=',3610,5.44,active
CHEMBL1424562,O=C(Nc1ccccc1)c1nnsc1[S+]([O-])c1ccc(Cl)cc1,'=',11892,4.92,inactive
CHEMBL1424951,CC(NC(=O)CN(c1cccc(C(F)(F)F)c1)S(=O)(=O)c1ccc(Cl)c([N+](=O)[O-])c1)c1ccccc1,,49751,,inactive
CHEMBL1425421,Cc1cc(OCc2cc(C(=O)O)oc2C)c2c3c(c(=O)oc2c1)CCCC3,'=',582,6.24,active
CHEMBL1427185,O=C1C=CC(=O)N1CCNc1ncc(C(F)(F)F)cc1Cl,'=',7938,5.1,active
CHEMBL1428095,CC(=O)Nc1ccc(NC(=O)c2nc(S(=O)(=O)Cc3ccccc3)ncc2Cl)cc1,'=',7611,5.12,active
CHEMBL1428415,CCN(c1ccccc1)S(=O)(=O)c1ccc(NC(=O)c2nc(S(C)(=O)=O)ncc2Cl)cc1,'=',7959,5.1,active
CHEMBL1428935,N#CC(C#N)=C1C=CC=CN1/C(=C\c1ccco1)C(=O)c1ccc(Cl)cc1,,45884,,inactive
CHEMBL1429929,CCOC(=O)CCS(=O)(=O)c1nc(-c2ccccc2)cc(C(F)(F)F)n1,'=',28223,4.55,inactive
CHEMBL1430184,CCCN1C(=O)c2cccc3c(N4CCCCC4)ccc(c23)C1=O,'>',59640,,inactive
CHEMBL1430995,Cc1ccc(N2C(=O)Cc3ccccc3C2=O)cc1,'=',4592,5.34,active
CHEMBL1431288,Cc1cccc(C2c3[nH]c4ccccc4c3CCN2C(=O)c2cc(CC(C)C)nc(O)n2)n1,'=',2742,5.56,active
CHEMBL1431535,O=C1Nc2cc(C(=O)NCCCN3CCOCC3)ccc2S/C1=C/c1ccccc1F,'=',17583,4.75,inactive
CHEMBL1431608,Cc1ccc(S(=O)(=O)c2ccc([N+](=O)[O-])cn2)cc1,,49806,,inactive
CHEMBL1431610,O=c1cc(C(F)(F)F)c2cc3c4c(c2o1)CCCN4CCC3,'=',22065,4.66,inactive
CHEMBL1432003,CCCCC(Sc1nc(N)c(NC(=O)c2ccco2)c(O)n1)C(=O)O,'>',59640,,inactive
CHEMBL1432251,COc1ccc(CS(=O)(=O)/C(Cl)=C(/Cl)C(=O)Nc2ccc(OC)nc2)cc1,'>',49739,,inactive
CHEMBL1434843,O=C(NC1CCCCC1)c1cccc2c1C(=O)c1ccc(N3CCC(Cc4ccccc4)CC3)cc1S2(=O)=O,'=',3875,5.41,active
CHEMBL1435494,Cc1cc(=O)oc2c3c(cc(OCC(=O)N[C@@H](Cc4ccccc4)C(=O)O)c12)OC(C)(C)CC3,'=',7509,5.12,active
CHEMBL1436864,O=C(NCc1cccc(F)c1)c1cccc2c1C(=O)c1ccc(N3CCC(Cc4ccccc4)CC3)cc1S2(=O)=O,'=',3211,5.49,active
CHEMBL1438203,Cc1ccc(-c2c(C(=O)O)c(C(=O)O)c3n2CSC3)cc1,'=',2953,5.53,active
CHEMBL1439847,Cc1nn(-c2ccccc2)c(Cl)c1/C=C(\CC(=O)O)c1nc2ccccc2s1,'=',9264,5.03,active
CHEMBL1440300,O=C(Nc1ccccc1Cl)/C(Cl)=C(\Cl)[S+]([O-])c1ccccc1,'>',5526,,active
CHEMBL1440303,CNC(=O)c1nnsc1[S+]([O-])c1ccc(Cl)cc1,'=',19604,4.71,inactive
CHEMBL1441181,CNC(=O)COC(=O)c1ccccc1C(=O)c1ccc(Cl)c([N+](=O)[O-])c1,,49735,,inactive
CHEMBL1442450,Cn1ccnc1SCC(=O)Nc1ccc2nc(SCC(=O)NC3CC3)sc2c1,'=',8995,5.05,active
CHEMBL1443188,CN(CC(=O)Nc1ccccc1Cl)C(=O)COC(=O)c1nc(Cl)c(Cl)c(Cl)c1Cl,,49751,,inactive
CHEMBL1445447,Sc1nnc(C2CC2)n1Cc1ccco1,'=',3761,5.42,active
CHEMBL1445650,COc1cc(NS(=O)(=O)c2ccc(C)cc2)c2ncccc2c1,,49766,,inactive
CHEMBL1445684,Sc1nnc(-c2ccc3ccccc3n2)n1-c1ccc2c(c1)OCCO2,'=',7921,5.1,active
CHEMBL1446199,CC(C)CNC(=O)COC(=O)c1c2c(nc3ccccc13)/C(=C/c1cccs1)CC2,'=',3518,5.45,active
CHEMBL1446754,CCn1c(=S)sc2c(=O)n(CC(=O)Nc3ccccc3C(F)(F)F)c(C)nc21,'>',59640,,inactive
CHEMBL1447306,CC1=NNC(=O)/C1=C\c1cn(-c2ccccc2)nc1-c1ccccc1,,49756,,inactive
CHEMBL1447783,O=C(Nc1cccc(N2C(=O)C=CC2=O)c1)c1cccs1,,14096,,inactive
CHEMBL1447796,O=c1oc(-c2ccccc2)cc(Cl)c1Cl,,49747,,inactive
CHEMBL1447888,COc1ccc2[nH]c(C(=O)O)c(CCN3C(=O)c4ccc(C(=O)O)cc4C3=O)c2c1,'=',433.08,6.36,active
CHEMBL1448093,O=C1Nc2cc(C(=O)N3CCC(N4CCCCC4)CC3)ccc2S/C1=C\c1ccccc1,'=',4514,5.34,active
CHEMBL1449204,CCOC(=O)CS(=O)(=O)c1nc(-c2ccccc2)cc(C(F)(F)F)n1,'=',19206,4.72,inactive
CHEMBL1450616,O=C1CC(Sc2nnnn2-c2ccccc2)C(=O)N1c1cccc(Cl)c1,,12637,,inactive
CHEMBL1451470,O=C(NCc1cccnc1)/C(=C\c1ccc(-c2ccc(Cl)c(Cl)c2)o1)S(=O)(=O)c1ccccc1,,26682,,inactive
CHEMBL1452132,CN(C)c1ccc(/C=C/C(=O)c2cccc(Br)c2)cc1,'=',5596,5.25,active
CHEMBL1452412,Sc1nnc(-c2ccccc2)n1Cc1ccccc1,'=',8303,5.08,active
CHEMBL1453089,O=[N+]([O-])/C=C/c1ccc2c(ccn2Cc2ccccc2)c1,,30013,,inactive
CHEMBL1453652,O=C(O)c1ccccc1-c1ccc(/C=C/c2cc(C(F)(F)F)nc(O)n2)o1,'=',7005,5.16,active
CHEMBL1455265,O=C(O)c1c(C(=O)O)c(-c2ccc(Br)cc2)n2c1CSC2,'=',1508,5.82,active
CHEMBL1455686,CCn1c(S)nnc1-c1nn(-c2ccccc2)ccc1=O,'=',8569,5.07,active
CHEMBL1456096,Sc1nnc(-c2cccs2)n1Cc1ccccc1,'=',889,6.05,active
CHEMBL1456324,CC(C)(C)[C@H](N)C(=O)N[C@H]1CCC2C3CC=C4C[C@@H](O)CC[C@]4(C)C3CC[C@@]21C,,19498,,inactive
CHEMBL1458022,Cc1ccc(-n2c(Cl)c(Cl)nc(Cl)c2=O)cc1,'=',5159,5.29,active
CHEMBL1458470,NNC(=O)c1oc2nc(-c3ccc(Cl)cc3)cc(-c3ccccc3)c2c1N,'=',3785,5.42,active
CHEMBL1458472,O=P(O)(O)c1cc(-c2ccccc2)oc1-c1ccccc1,'=',10723,4.97,inactive
CHEMBL1458548,CCCNC(=O)c1nnsc1S(=O)(=O)c1ccc(Cl)cc1,'=',16287,4.79,inactive
CHEMBL1458632,NC(=O)SCC(=O)Nc1ccccc1C(=O)O,'=',5267,5.28,active
CHEMBL1458726,Cc1cc(SC#N)cc(C)c1NC(=O)CCl,,49743,,inactive
CHEMBL1459140,CC(C)(C)C(=O)/C(=C/c1cccc([N+](=O)[O-])c1)n1cncn1,,49751,,inactive
CHEMBL1459316,CC1C/C(=C/c2cccn2C)C(=O)/C(=C/c2cccn2C)C1,'=',4385,5.36,active
CHEMBL1460029,O=c1oc2ccccc2c(Cl)c1CN1CCCCC1,'=',6024,5.22,active
CHEMBL1460167,C=CCOc1ccccc1C(=O)/C=C1/C(=O)Nc2ccccc21,,49710,,inactive
CHEMBL1460491,N#Cc1sc2nc(-c3ccccc3)cc(-c3ccco3)c2c1N,'=',7298,5.14,active
CHEMBL1462078,Nc1c(C(=O)c2cccs2)sc2nsc(SCCN3CCCCC3)c12,'=',9894,5,active
CHEMBL1462613,COc1ccc(C(=O)c2sc3nc(-c4ccc(OC)cc4)ccc3c2N)cc1,'=',4440,5.35,active
CHEMBL1463059,Cc1cccc(-n2c(C)nnc2S)c1C,'=',8269,5.08,active
CHEMBL1463795,CN1CCN(C2=CC3=CC(=C(C#N)C#N)CCC3CC2)CC1,'=',2998,5.52,active
CHEMBL1464372,COc1ccc(-c2nnc(S)n2-c2ccc3c(c2)OCCO3)cc1OC,'=',2617,5.58,active
CHEMBL1464798,Cc1cccc(CS(=O)(=O)c2ncc(Cl)c(C(=O)NCc3ccc4c(c3)OCO4)n2)c1,,21147,,inactive
CHEMBL1464897,CCCn1c(S)nnc1C(C)C,'=',3476,5.46,active
CHEMBL1465409,CCC(=O)Nc1ccc(C(=O)Cn2ncc(Cl)c(Cl)c2=O)cc1,,49742,,inactive
CHEMBL1465592,CC(C)(C)C(=O)/C(=C\c1cccc([N+](=O)[O-])c1)n1cncn1,,49750,,inactive
CHEMBL1468847,O=C(Cn1ncc(Cl)c(Cl)c1=O)c1ccc(Cl)cc1,,49756,,inactive
CHEMBL1469035,Cc1ccccc1NC(=O)/C=C/c1ccc([N+](=O)[O-])s1,'=',13698,4.86,inactive
CHEMBL1469441,O=C(O)c1[nH]c2ccc(Br)cc2c1CCN1C(=O)c2cccc([N+](=O)[O-])c2C1=O,'=',716,6.14,active
CHEMBL1470904,CC(C)OC(=O)c1sc2nc(-c3ccccc3)ccc2c1N,'=',3698,5.43,active
CHEMBL1471341,CCS(=O)(=O)c1ncc(Cl)c(C(=O)Nc2ccc(C)cc2)n1,'=',7648,5.12,active
CHEMBL1472131,CCCCNc1ccc2c3c(cccc13)C(=O)N(CCCC)C2=O,'=',3071,5.51,active
CHEMBL1473205,CC1=NCCc2c1[nH]c1cc(O)ccc21.Cl.O,'=',7958,5.1,active
CHEMBL1474143,Oc1ccc2nnc3c(Br)cnn3c2c1,'=',6628,5.18,active
CHEMBL1474947,O=C(Cn1ncc(Cl)c(Cl)c1=O)Nc1ccc2c(c1)OCO2,,49741,,inactive
CHEMBL1476225,Fc1ccc(-[n+]2nc(Nc3ccccc3)sc2-c2c3ccccc3cc3ccccc23)cc1.[Cl-],'=',5696,5.24,active
CHEMBL1477197,COCCN(CC(=O)NC1CCCCC1)C(=O)/C=C/C(=O)c1ccc(OC)cc1O,,17821,,inactive
CHEMBL1477528,Cc1ccccc1CS(=O)(=O)c1ncc(Cl)c(C(=O)Nc2ccc(F)cc2)n1,'=',6246,5.2,active
CHEMBL1479144,N#Cc1sc2nc(-c3cccs3)cc(-c3ccc(Cl)cc3)c2c1N,'=',4736,5.33,active
CHEMBL1480031,CS(=O)(=O)c1ncc(Cl)c(C(=O)Nc2ccc3ccccc3c2)n1,'=',7128,5.15,active
CHEMBL1481755,COCC(=O)Nc1nnc(SCC(=O)NCc2cccs2)s1,'=',3623,5.44,active
CHEMBL1483727,CSc1nc(SCC(=O)O)c2c3c(sc2n1)COC(C)(C)C3,'=',29719,4.53,inactive
CHEMBL1484327,COc1ccc(-c2cc3ccc(O)cc3oc2=O)cc1OC,'=',5229,5.28,active
CHEMBL1485865,COC(=O)c1ccc2c(c1)C(C)(C)C(/C=C/c1ccc(OC)c(OC)c1OC)=[N+]2C.[I-],,39105,,inactive
CHEMBL1487183,CCCCC(CC)CN=C(N)N=C(N)NCCCCCCNC(N)=NC(N)=NCC(CC)CCCC.Cl,'=',5211,5.28,active
CHEMBL1487952,CCOC(=O)c1ccc(NC(=O)c2nc(S(=O)(=O)Cc3ccccc3)ncc2Cl)cc1,'=',8402,5.08,active
CHEMBL1490225,O=[N+]([O-])c1cc(S(=O)(=O)N2CCCCCC2)ccc1F,,49750,,inactive
CHEMBL1490312,CN1C(=O)/C(=C\c2ccc(N(C)C)cc2)OC1=S,'>',59640,,inactive
CHEMBL1491016,COc1cc(/C=C2/SC(=S)N(Cc3ccccc3)C2=O)cc(OC)c1O,'>',59640,,inactive
CHEMBL1491686,CCCCNC(=O)COC(=O)c1c2c(nc3ccccc13)/C(=C/c1cccs1)CC2,'=',3320,5.48,active
CHEMBL1492044,CC(=O)Oc1ccc2c(c1)Oc1cc(OC(C)=O)ccc1C21OC(=O)c2ccccc21,'=',39757,4.4,inactive
CHEMBL1492629,Cc1ccc(S(=O)(=O)n2[nH]c(=O)cc2NC(=O)c2cccs2)cc1,'=',120.18,6.92,active
CHEMBL1492648,CS(=O)(=O)c1nc(-c2ccccc2)cc(C(F)(F)F)n1,'=',29065,4.54,inactive
CHEMBL1492819,CCn1nc(-c2ccccc2)c2nc3ccccc3nc21,'=',5357,5.27,active
CHEMBL1493353,CC(C)(C)c1ccc(COc2ccsc2C(=O)O)cc1,'=',5711,5.24,active
CHEMBL1494120,COc1ccc(NC(=O)/C(Cl)=C(/Cl)[S+]([O-])Cc2ccc(Cl)cc2)cn1,'=',7828,5.11,active
CHEMBL1495079,Cn1cc(/C=C(\C(=O)O)C(C(=O)O)=C2CCCCC2)c2ccccc21,'=',54075,4.27,inactive
CHEMBL1497139,N#CC(C#N)=C1C=CC=CN1/C(=C\c1ccco1)C(=O)c1ccc(Br)cc1,'=',13247,4.88,inactive
CHEMBL1498006,CC(C)(C)C(=O)Nc1nnc(CSCc2ccccc2F)s1,'=',1964,5.71,active
CHEMBL1498210,CCN1CCN(C2=CC3=CC(=C(C#N)C#N)CCC3CC2)CC1,'=',3699,5.43,active
CHEMBL1498308,CCN(CC)c1ccc(-c2nc3cnccn3c2NC2CCCC2)cc1,'=',5289,5.28,active
CHEMBL1499951,Cn1c(=O)c([N+](=O)[O-])c(Cl)c2ccccc21,'=',17802,4.75,inactive
CHEMBL1500251,Nc1cccc(N2C(=O)c3cccc4c(N)ccc(c34)C2=O)c1,'=',26152,4.58,inactive
CHEMBL1500335,Cc1ccc(NC(=O)CN(C)C(=O)Cn2ncc(Cl)c(Cl)c2=O)cc1,,49756,,inactive
CHEMBL1500409,Cn1c(-c2c(N)n(-c3ccccc3)c3nc4ccccc4nc23)nc2ccccc21,'=',3850,5.42,active
CHEMBL1501987,CCCCn1c(=O)[nH]c2nc3cc(N)ccc3nc2c1=O,'=',16777,4.78,inactive
CHEMBL1502002,CCOC(=O)C1CCCN(c2ccc([N+](=O)[O-])c3nonc23)C1,'=',26262,4.58,inactive
CHEMBL1502104,C=CCN1C(=O)/C(=C2/C(=O)Nc3ccccc32)c2ccccc21,'>',49759,,inactive
CHEMBL1502551,CCN(CC)c1ccc2cc(C(=O)NCc3ccc(F)cc3)c(=N)oc2c1,'>',59640,,inactive
CHEMBL1504077,O=C(Nc1ccc(F)cc1)c1nc(S(=O)(=O)Cc2ccccc2)ncc1Cl,'=',5432,5.26,active
CHEMBL1504283,O=C(Nc1ccc(F)cc1)c1nn(-c2ccccc2)c(=O)cc1Cl,,49751,,inactive
CHEMBL1505902,Cc1nc2c(=O)n(C)c(=O)n(C)c2nc1Cl,,49791,,inactive
CHEMBL1508121,O=C1C=C(c2ccccc2)C(=O)N1Nc1ccccc1,,18676,,inactive
CHEMBL1508208,CS(=O)(=O)c1sc2nc(-c3ccccc3)cc(-c3ccccc3)c2c1N,'=',16200,4.79,inactive
CHEMBL1508593,COc1ccc(-c2c(Sc3cccc(C(F)(F)F)c3)c3ccc(OC)cc3[s+]2[O-])cc1,'=',3667,5.44,active
CHEMBL1508875,Nc1c(C(=O)Nc2ccccc2F)sc2nc(-c3cccnc3)ccc12,'=',14029,4.85,inactive
CHEMBL1509181,COc1ccc(OC)c2sc(N(CCN(C)C)C(=O)/C=C/c3cccs3)nc12.Cl,,49706,,inactive
CHEMBL1509766,Sc1nnc(C2CC2)n1Cc1ccccc1,'=',940,6.03,active
CHEMBL1510317,O=C1CCN2C=Nc3cccc4ccc1c2c34,'=',9219,5.04,active
CHEMBL1510339,COC(=O)c1ccc(NC(=O)c2nc(S(=O)(=O)Cc3cccc(C)c3)ncc2Cl)cc1,'=',10667,4.97,inactive
CHEMBL1510658,CC(=O)N(c1cccc(C)c1)C1SC(=O)N(c2ccccc2)C1=O,'=',54293,4.26,inactive
CHEMBL1510664,ClC(Cl)(c1nnnn1-c1ccccc1)c1nnnn1-c1ccccc1,,16587,,inactive
CHEMBL1511843,O=C(CSc1nnc(NC(=O)c2ccccc2F)s1)NCc1ccc(F)cc1,'=',3653,5.44,active
CHEMBL1513792,Cc1ccc(Cn2c(C(C)Nc3nc(-c4ccc(C)cc4)cs3)nc3cc(Cl)c(Cl)cc32)cc1,'=',25174,4.6,inactive
CHEMBL1513846,COC(=O)c1c(-c2ccc(N(C)C)cc2)sc2ccc(OC)cc12,'=',3661,5.44,active
CHEMBL1516970,Sc1nnc(-c2cccs2)n1C1CCCCC1,'=',1310,5.88,active
CHEMBL1517381,O=C(NCCN1C(=O)S/C(=C\c2ccc(Cl)c([N+](=O)[O-])c2)C1=O)C1=COCCO1,,49756,,inactive
CHEMBL1517505,Nc1ccc2nc(-c3ccccc3)c(-c3ccccc3)nc2c1,'=',6096,5.21,active
CHEMBL1517808,Cc1cccc(C(=O)Nc2nnc(SCC(=O)NCc3ccco3)s2)c1,'=',21604,4.67,inactive
CHEMBL1518077,CC(=O)Nc1ccc(NC(=O)c2nc(S(=O)(=O)Cc3cccc(C)c3)ncc2Cl)cc1,'=',9426,5.03,active
CHEMBL1518886,N#CC(C#N)=C1C=C2C=C(N3CCCCCC3)CCC2CC1,'=',2506,5.6,active
CHEMBL1518934,N#Cc1cccc(NC(=O)COC(=O)c2ccccc2C(=O)c2ccc(Cl)c([N+](=O)[O-])c2)c1,,49761,,inactive
CHEMBL1520143,O=c1c2ccccc2sn1-c1ccc(F)cc1,,29523,,inactive
CHEMBL1520247,Cc1noc2ncnc(Sc3ccccc3Cl)c12,,49750,,inactive
CHEMBL1520346,CCN(CC)c1ccc2cc(-c3nc4ccccc4n3C)c(=O)oc2c1,'=',2560,5.59,active
CHEMBL1520753,O=[N+]([O-])c1ccc(S(=O)(=O)c2ccccc2)nc1,,49741,,inactive
CHEMBL1520801,Cc1nc([N+](=O)[O-])c(Br)n1Cc1ccc(Cl)c(Cl)c1,,49751,,inactive
CHEMBL1521259,O=C(/C=C/c1ccc(Cl)c([N+](=O)[O-])c1)c1ccc(O)cc1,,49766,,inactive
CHEMBL1521425,N#Cc1ccccc1Cn1cc(/C=C/[N+](=O)[O-])c2ccccc21,,24403,,inactive
CHEMBL1522563,Nc1ccc2ccc3cccc[n+]3c2c1.[O-][Cl+3]([O-])([O-])[O-],'=',9333,5.03,active
CHEMBL1522756,COc1ccccc1-n1c(S)nnc1-c1ccco1,'=',5215,5.28,active
CHEMBL1523192,COc1ccc(OC)c(/C=C/c2nc3ccccc3nc2O)c1,'=',8497,5.07,active
CHEMBL1523652,Oc1ccc2ccccc2c1-c1sc(Nc2ccccc2)n[n+]1-c1ccc(F)cc1.[Cl-],'=',31979,4.5,inactive
CHEMBL1524257,Cc1cccc(N2C(=O)c3cccc4c(N)ccc(c34)C2=O)c1,'=',20802,4.68,inactive
CHEMBL1524932,COCCCn1c(N)c(-c2nc3ccccc3n2C)c2nc3ccccc3nc21,'=',7369,5.13,active
CHEMBL1526126,O=[N+]([O-])c1ccc(C2=NN(c3ccccc3)C(c3ccco3)C2)cc1,'=',2639,5.58,active
CHEMBL1526855,CC(=O)N(C1=C(Cl)C(=O)c2ccccc2C1=O)C1CCCCC1,'=',5301,5.28,active
CHEMBL1527042,O=C1NC(=O)C2C1C(c1ccc([N+](=O)[O-])cc1)=NN2Cc1ccccc1,'=',10329,4.99,inactive
CHEMBL1527705,Oc1nc(SCc2nnc(S)n2-c2ccccc2)nc2sc3c(c12)CCC3,'=',4204,5.38,active
CHEMBL1527994,CCN(CC)c1ccc(/C=C/C(=O)c2ccc(Br)cc2)cc1,'=',3823,5.42,active
CHEMBL1529115,Cc1ccc(NC(=O)C2=C(c3ccccc3)S(=O)(=O)CCS2(=O)=O)cc1,,49751,,inactive
CHEMBL1530173,Cc1cccc(C(=O)Nc2ccc(C(=O)/C=C/c3ccncc3)cc2)c1,,49751,,inactive
CHEMBL1531245,CCCCn1c(=O)[nH]c(=O)c2c1nc(Cn1ncc(Cl)c(Cl)c1=O)n2CCC,,49751,,inactive
CHEMBL1531308,O=C(C#Cc1ccccc1)c1ccco1,'>',49762,,inactive
CHEMBL1532258,COc1cccc(-n2c(S)nnc2CNC(=O)OC(C)(C)C)c1,'=',7834,5.11,active
CHEMBL1532571,Cc1nn(C)c(C)c1N1C(=O)c2cccc3c(Br)ccc(c23)C1=O,'=',5716,5.24,active
CHEMBL1532668,Nc1cc(Cl)c2nonc2c1[N+](=O)[O-],'>',49747,,inactive
CHEMBL1533279,O=C1C=C(c2ccc(Cl)cc2)C(=O)N1Nc1ccccc1,,12984,,inactive
CHEMBL1534296,O=C(O)c1ccccc1Sc1ncnc2sc3c(c12)CCC3,'=',3910,5.41,active
CHEMBL1534390,O=[N+]([O-])c1ccc(N2N=C(c3ccccc3)CC2c2ccccc2O)cc1,'=',4583,5.34,active
CHEMBL1534986,Cc1ccc(C(=O)O)cc1N1C(=O)c2cccc3c([N+](=O)[O-])ccc(c23)C1=O,'=',7410,5.13,active
CHEMBL1535546,CN1/C(=C/C(=O)c2nc(S(C)(=O)=O)ncc2Cl)C(C)(C)c2ccccc21,'=',6170,5.21,active
CHEMBL1535665,CCOC(=O)C1CCN(S(=O)(=O)c2c(Cl)ccc3nonc23)CC1,'=',21213,4.67,inactive
CHEMBL1535938,COc1ccc(CC2=CC(=O)c3ccccc3C2=O)cc1,,49748,,inactive
CHEMBL1537904,O=C(O)CC/C(=C\c1cc([N+](=O)[O-])ccc1Cl)c1nc2ccccc2s1,'=',4166,5.38,active
CHEMBL1537972,O=C(CSc1nnc(NC(=O)c2cc(Br)ccc2Cl)s1)NCC1CCCO1,'=',5872,5.23,active
CHEMBL1538097,Cc1ccc(-n2c(S)nnc2-c2nn(C)c(C)c2Cl)cc1,'=',3718,5.43,active
CHEMBL1538643,CCCCN(C)CC(O)Cn1cc(/C=C/C(=O)c2cccs2)c2ccccc21,'=',7668,5.12,active
CHEMBL1538815,C=C(c1cccc2ccccc12)P(=O)(O)O,'=',2165,5.67,active
CHEMBL1538987,CC(C)(C)c1ccc(-c2c(C(=O)O)c(C(=O)O)c3n2CSC3)cc1,'=',30576,4.51,inactive
CHEMBL1539486,CCOC(=O)c1ccc(NC(=O)Nc2ccon2)cc1,,49716,,inactive
CHEMBL1539520,COc1ccc(C(=O)/C=C/C(=O)N(CC(=O)NC2CCCCC2)Cc2cccs2)c(O)c1,,24738,,inactive
CHEMBL1539522,Cc1ccc(NC(=O)c2nc(S(=O)(=O)Cc3ccccc3C)ncc2Cl)cc1C,'=',11499,4.94,inactive
CHEMBL1540042,CCCCn1c(S)nnc1-c1ccoc1C,'=',4246,5.37,active
CHEMBL1540377,O=C(Cn1ncc(Cl)c(Cl)c1=O)N1CCN(S(=O)(=O)c2ccc3ccccc3c2)CC1,,49751,,inactive
CHEMBL1540557,CCC1(C)OC(c2ccccc2)=C/C(=C/C=C2C(=O)NC(=O)NC2=O)O1,'=',9166,5.04,active
CHEMBL1541211,COc1ccc(C(=O)C2=C(O)C(=O)N(Cc3ccco3)C2c2cc(OC)ccc2OC)cc1,'=',5610,5.25,active
CHEMBL1541441,COC(=O)[C@@H]1[C@@H](C(=O)OC)C2(c3ccccc3-c3ccccc32)N(c2ccc(Cl)cc2)N1C#N,,49756,,inactive
CHEMBL1541918,CC(=O)c1sc2nc(-c3ccc(C)cc3)c3c(c2c1N)CCCC3,'=',3730,5.43,active
CHEMBL1542492,CC(NC(=O)/C(C#N)=C/c1ccc([N+](=O)[O-])o1)c1ccccc1,'=',8233,5.08,active
CHEMBL1542862,Cc1ccc(C(=O)c2c(C)oc3c2C(=O)C(=O)c2ccccc2-3)cc1,,49690,,inactive
CHEMBL1542877,N=C1/C(=C\c2coc3ccccc3c2=O)C(=O)N=C2SC=CN12,'=',25498,4.59,inactive
CHEMBL1543839,O=C(OCn1ncc(Cl)c(Cl)c1=O)c1ccccc1Cl,'>',49768,,inactive
CHEMBL1543956,CCN(CC)c1ccc(/C=C/C(=O)C2C(=O)C=C(C)OC2=O)cc1,'=',4877,5.31,active
CHEMBL1544093,CCOC(=O)c1nc(S(C)(=O)=O)ncc1Cl,'=',22354,4.65,inactive
CHEMBL1544131,Cc1ccc(-n2ncc(Br)c(Br)c2=O)cc1,,49746,,inactive
CHEMBL1544423,CCc1ccc2c(c1)/C(=C/C(=O)c1cccs1)C(=O)N2,,49746,,inactive
CHEMBL1544797,COc1ccc(/C=C2\CN(Cc3ccccc3)C/C(=C\c3ccc(OC)c(O)c3)C2=O)cc1O,,49744,,inactive
CHEMBL1546134,CC1=NNC(=O)/C1=C\c1cn(-c2ccccc2)nc1-c1cccs1,,49751,,inactive
CHEMBL1547938,O=C1c2cccc3c(O)ccc(c23)C(=O)N1Cc1ccco1,'=',13113,4.88,inactive
CHEMBL1548211,COc1ccccc1C(=O)Nc1nnc(SCC(=O)NCc2ccco2)s1,'=',2608,5.58,active
CHEMBL1548439,Cc1cccc(C)c1NC(=O)c1nc(S(=O)(=O)Cc2ccccc2)ncc1Cl,,49743,,inactive
CHEMBL1549144,CC(C)(C)CC(=O)Nc1nnc(SCC(=O)NCc2cccs2)s1,'=',6641,5.18,active
CHEMBL1550381,CC(=O)c1ccc(-c2ccc(Cn3c(C)nc4cc(N)c(C)nc43)cc2)cc1,'=',6285,5.2,active
CHEMBL1550406,CCOc1cc(/C=C2\COc3ccccc3C2=O)cc(Br)c1OCC(=O)N(C)C,,49751,,inactive
CHEMBL1551022,Cc1cc(C)n(-c2nc(SCC(=O)O)c3c4c(sc3n2)COC(C)(C)C4)n1,'=',9073,5.04,active
CHEMBL1554784,O=C(NCc1cccc(C(F)(F)F)c1)c1cccc2c1C(=O)c1ccc(N3CCC(Cc4ccccc4)CC3)cc1S2(=O)=O,'=',2919,5.54,active
CHEMBL1554968,Cc1cc(OCC(=O)N2CCC[C@@H]2C(=O)O)c2c(C)c(C)c(=O)oc2c1,'=',5308,5.28,active
CHEMBL1555532,N#Cc1c([N+](=O)[O-])cc([N+](=O)[O-])cc1S(=O)(=O)Cc1ccccc1,'=',12055,4.92,inactive
CHEMBL1555759,CCCc1cc(=O)oc2c3c(cc(OCC(=O)N[C@@H](C)C(=O)O)c12)OC(C)(C)CC3,'=',6969,5.16,active
CHEMBL1556007,O=C(Nc1ccc(C(F)(F)F)cc1)c1ccc(NC(=O)C2CCCO2)cc1,'>',59640,,inactive
CHEMBL1556501,CCOC(=O)N=S(N)(=O)c1ccccc1,'=',4848,5.31,active
CHEMBL1556661,CC(C)(C=O)C1=CC(=O)c2ccccc2C1=O,,11486,,inactive
CHEMBL1556931,Sc1nnc(-c2ccccc2)n1CC1CCCO1,'=',4154,5.38,active
CHEMBL1557243,CC(C)n1cc(/C=C/c2cc[n+](C)cc2)c2ccccc21.[I-],'=',29038,4.54,inactive
CHEMBL1557268,CCOC(=O)c1c2c3c(cccc3n(C)c1=O)C(=O)c1ccccc1-2,'=',53721,4.27,inactive
CHEMBL1557347,CCCCn1c(S)nnc1-c1nn(C)cc1Cl,'=',1624,5.79,active
CHEMBL1557820,Clc1ccc(-n2nnnc2Sc2ncnc3sccc23)cc1,'>',49740,,inactive
CHEMBL1558250,CCCCn1c(S)nnc1-c1nn(C)c(C)c1Cl,'=',1993,5.7,active
CHEMBL1558462,CS(=O)(=O)c1ncc(Cl)c(C(=O)Nc2ccc(OC(F)F)cc2)n1,'=',6645,5.18,active
CHEMBL1559733,O=C(C1=C(O)C(=O)N(Cc2cccnc2)C1c1ccccn1)c1cccs1,'=',4829,5.32,active
CHEMBL1561395,O=C1N/C(=C/c2ccc(N3CCOCC3)o2)C(=O)N1c1cccc(Cl)c1,,21302,,inactive
CHEMBL1564153,O=C1c2cccc3c(N4CCCCC4)ccc(c23)C(=O)N1c1ccccc1O,'=',7631,5.12,active
CHEMBL1565378,CCCC(=O)Nc1nnc(SCC(=O)NCc2cccs2)s1,'=',4684,5.33,active
CHEMBL1565458,O=C1C2C(c3ccccc3)C=CC(c3ccccc3)C2C(=O)N1c1ccccn1,'=',59571,4.22,inactive
CHEMBL1566610,C=C1C(=O)O[C@@H]2C[C@@H](C)[C@@H]3C=CC(=O)[C@@]3(C)[C@@H](OC(=O)CC(=O)O[C@H]3[C@@H]4C(=C)C(=O)O[C@@H]4C[C@@H](C)[C@@H]4C=CC(=O)[C@@]34C)[C@H]12,'=',17855,4.75,inactive
CHEMBL1566706,O=[N+]([O-])/C=C/c1cn(Cc2ccc(Cl)cc2)c2ccccc12,,49743,,inactive
CHEMBL1566835,COc1cc2c(cc1/C=C/[N+](=O)[O-])OCO2,,49710,,inactive
CHEMBL1567159,CN(CCO)c1cc(Sc2nc3ccccc3s2)c2nonc2c1[N+](=O)[O-],'=',8893,5.05,active
CHEMBL1570323,CC[C@H](C)/C=C(C)/C=C/C1=CC2=CC(=O)[C@]3(C)OC(=O)[C@@H](C(C)=O)[C@@H]3C2=CO1,'=',8858,5.05,active
CHEMBL1570958,CCC(=O)OCCNc1cc(Sc2nccn2C)c2nonc2c1[N+](=O)[O-],'=',8305,5.08,active
CHEMBL1571034,COc1cc(OC)c(-c2c3cc(O)c(=O)cc-3oc3cc(O)c(O)cc23)cc1OC,'=',5114,5.29,active
CHEMBL1571123,Cc1ccc(NC(=O)c2nc(S(=O)(=O)Cc3ccccc3)ncc2Cl)cc1,'=',8301,5.08,active
CHEMBL1571290,O=C(NCc1cccnc1)/C(=C\c1ccc(-c2cccc(Cl)c2)o1)S(=O)(=O)c1ccccc1,,49751,,inactive
CHEMBL1571964,Cc1c(OCC(=O)N2CCC[C@@H]2C(=O)O)ccc2c3c(c(=O)oc12)CCC3,'=',5429,5.26,active
CHEMBL1572920,CC(=O)N1CCN(c2ccc(NC(=O)c3ccc([N+](=O)[O-])o3)cc2Cl)CC1,,49756,,inactive
CHEMBL1573007,O=[N+]([O-])c1ccc(-c2ccccc2)c([As](=O)(O)O)c1,'=',244.79,6.61,active
CHEMBL1573150,O=C(C1=NN(c2ccccc2)C2C(=O)N(c3ccc(Cl)cc3)C(=O)C12)c1ccccc1,'=',11830,4.93,inactive
CHEMBL1573201,O=[N+]([O-])/C=C\c1ccc(N2CCOCC2)cc1,,49771,,inactive
CHEMBL1573592,CC(=O)Oc1ccc(N2C(=O)c3cccc4c([N+](=O)[O-])ccc(c34)C2=O)cc1,'=',4057,5.39,active
CHEMBL1573854,O=C(C1=C(O)C(=O)N(Cc2cccnc2)C1c1ccccn1)c1ccc(F)cc1,'=',941,6.03,active
CHEMBL1574794,Cc1c(C)c2ccc(OCC(=O)N3CCC[C@@H]3C(=O)O)c(C)c2oc1=O,'=',2089,5.68,active
CHEMBL1574879,COc1ccc(NC(=O)/C(Cl)=C(/Cl)[S+]([O-])Cc2ccccc2)cn1,'=',16000,4.8,inactive
CHEMBL1575428,Cc1ccc(Cl)c(NC(=O)COC(=O)c2ccccc2C(=O)c2ccc(Cl)c([N+](=O)[O-])c2)c1Cl,'>',49760,,inactive
CHEMBL1575594,C=C1C(=O)O[C@@H]2C[C@@H](C)[C@@H]3C4OC4C(=O)[C@@]3(C)[C@@H](O)[C@H]12,'>',49739,,inactive
CHEMBL1576713,Cn1c(S)nnc1-c1sccc1OCc1ccc(Cl)cc1Cl,'=',774,6.11,active
CHEMBL1576762,Cc1n[nH]c(C)c1N1C(=O)c2cccc3c(N4CCCCCC4)ccc(c23)C1=O,'=',15509,4.81,inactive
CHEMBL1577281,O=P(O)(O)c1ccccc1OCc1ccccc1,'=',689,6.16,active
CHEMBL1577867,O=C(O)C(NC(=O)c1ccccc1)=C(Cl)Cl,'=',7851,5.11,active
CHEMBL1578341,CCOC(=O)COc1ccc2ccccc2c1/C=C/[N+](=O)[O-],'=',30467,4.52,inactive
CHEMBL1578600,Oc1nc2c(s1)C(c1cccnc1)C1C3CCC(C3)C1S2,'=',33.94,7.47,active
CHEMBL1578982,Cc1ccc(S(=O)(=O)N[C@H](C(=O)Oc2ccc3c(C(F)(F)F)cc(=O)oc3c2)c2ccccc2)cc1,'=',3732,5.43,active
CHEMBL1579061,CN(C)C=O.CN(C)c1ccc(/C=C/c2nc3ccccc3c(=O)n2-c2ccc(C(=O)O)cc2)cc1,'=',9002,5.05,active
CHEMBL1579152,N#CC(C#N)=C1C=CC=CN1/C(=C\c1ccco1)C(=O)c1ccc(-c2ccccc2)cc1,,49771,,inactive
CHEMBL1579462,O=C(O)/C=C/c1nnc2c3ccccc3cnn12,'=',4442,5.35,active
CHEMBL1580134,COc1ccc(C(=O)/C=C2/C(=O)Nc3ccccc32)c(OC)c1,,49743,,inactive
CHEMBL1582196,CC(C)C(CCN1C(=O)c2ccccc2C1=O)c1ccco1,'=',13428,4.87,inactive
CHEMBL1583665,CCOc1ccc(/C=C/[N+](=O)[O-])c2ccccc12,,43127,,inactive
CHEMBL1583872,N#CC(C#N)=C1C=C2C=C(N3CCCCC3)CCC2CC1,'=',2331,5.63,active
CHEMBL1583960,CCN(CC)c1ccc2cc(C=O)c(=O)oc2c1,'=',38774,4.41,inactive
CHEMBL1583998,O=C1N=C(NS(=O)(=O)Cc2ccccc2)S/C1=C/c1cc([N+](=O)[O-])ccc1O,'=',4369,5.36,active
CHEMBL1584189,Sc1nnc(-c2ccco2)n1-c1cccc2ccccc12,'=',3966,5.4,active
CHEMBL1585390,CNc1cc(Cl)c2nonc2c1[N+](=O)[O-],'=',4730,5.33,active
CHEMBL1585742,O=C(NCc1ccc2c(c1)OCO2)c1nc(S(=O)(=O)Cc2ccccc2)ncc1Cl,,32535,,inactive
CHEMBL1586067,O=C1c2cccc3c(N4CCCCC4)ccc(c23)C(=O)N1c1cccc(O)c1,'=',5239,5.28,active
CHEMBL1586425,CNC(=O)c1nnsc1S(=O)(=O)c1ccc(Cl)cc1,,11345,,inactive
CHEMBL1587451,O=C(CSc1nnc(NC(=O)c2c(F)cccc2F)s1)NCc1ccccc1,'=',3622,5.44,active
CHEMBL1587764,Cc1ccccc1N1C(=O)CC(Sc2nnc(-c3ccccc3)o2)C1=O,,12702,,inactive
CHEMBL1588411,Cc1nnc(Sc2cc(NCCCO)c([N+](=O)[O-])c3nonc23)s1,'=',10948,4.96,inactive
CHEMBL1589062,COc1ccc(Cn2cc3c(-c4ccc(F)cc4)nnc-3c3cc(OC)c(OC)cc32)cc1,'=',5584,5.25,active
CHEMBL1591156,Cc1cc(=O)oc2c3c(cc(OCC(=O)N4CCC[C@H]4C(=O)O)c12)OC(C)(C)CC3,'=',4931,5.31,active
CHEMBL1594123,CCCc1cc(=O)oc2c3c(cc(OCC(=O)N4CCC[C@H]4C(=O)O)c12)OC(C)(C)CC3,'=',1725,5.76,active
CHEMBL1596878,CC1=C(C(=O)O)N2C(=O)C(NC(=O)c3nn(C)cc3[N+](=O)[O-])C2SC1,'=',8541,5.07,active
CHEMBL1597507,O=C(CCN1C(=O)/C(=C/c2ccccc2F)SC1=S)NCCCn1ccnc1,'=',4494,5.35,active
CHEMBL1597682,O=C(CCN1C(=O)/C(=C/c2ccc(Cl)cc2)SC1=S)NCCCn1ccnc1,'>',59640,,inactive
CHEMBL1603777,CCOC(=O)c1[nH]c(C(=O)O)c(CCC(=O)OC)c1C,'=',4995,5.3,active
CHEMBL1604510,COc1ccc(/C=C2/SC(c3ccc(C)cc3)=NC2=O)cc1OC,'>',59640,,inactive
CHEMBL1604546,CC1(C)CC(=O)C2=C(C1)OC1=C(C(=O)CC(C)(C)C1)C2c1ccc(O)cc1O,,49732,,inactive
CHEMBL1604962,N#CC(C#N)=C1C=C2C=C(N3CCOCC3)CCC2CC1,'=',2741,5.56,active
CHEMBL1605743,O=c1ccc2c(-c3ccccc3)c3ccc(O)cc3oc-2c1,'=',374.22,6.43,active
CHEMBL1605748,O=C(O)c1ccccc1C(=O)c1cccc2ccccc12,'=',3823,5.42,active
CHEMBL1605956,CCOC(=O)c1ccc(NC(=O)Cn2ncc(Cl)c(Cl)c2=O)cc1,,49745,,inactive
CHEMBL1606520,Cc1ccccc1C(=O)Nc1nnc(SCC(=O)NCc2ccco2)s1,'=',1116,5.95,active
CHEMBL1606613,COc1ccccc1-c1cc(C(F)(F)F)nc(S(C)(=O)=O)n1,,49751,,inactive
CHEMBL1606773,CCOc1cc2c(cc1/C=C/c1noc(C)c1[N+](=O)[O-])OC(C)C2,'>',59640,,inactive
CHEMBL1606872,CCCCn1c(S)nnc1-c1sccc1C,'=',961,6.02,active
CHEMBL1607132,CCC(=O)c1ccc(/C=C/c2nc3ccccc3n2C)o1,'=',5112,5.29,active
CHEMBL1607380,COc1ccc(/C=C2\CCCc3c2nc2ccccc2c3C(=O)O)cc1OC,'=',56050,4.25,inactive
CHEMBL1608392,CN(c1ccccc1)c1ccc(/C=C/[N+](=O)[O-])cc1,'=',18635,4.73,inactive
CHEMBL1608420,COc1ccccc1N1C(=O)C2C(C(=O)c3ccccc3)=NN(c3ccccc3)C2C1=O,'=',9371,5.03,active
CHEMBL1609419,CC(=O)OCCNc1cc(Sc2nc3ccccc3[nH]2)c2nonc2c1[N+](=O)[O-],'=',10026,5,inactive
CHEMBL1610025,CCC(=O)OCCNc1cc(Sc2nc3ccccc3s2)c2nonc2c1[N+](=O)[O-],'=',10472,4.98,inactive
CHEMBL1610243,Cc1cc(C(=O)OCC(=O)NC(=O)c2cccn2C)c2ccccc2n1,'=',2296,5.64,active
CHEMBL1611002,CCN(CC)c1ccc2cc(-c3nnc(-c4ccccc4)o3)c(=O)oc2c1,'>',59640,,inactive
CHEMBL1611182,O=[N+]([O-])c1c(Nc2cccc(O)c2)cc(Cl)c2nonc12,'=',11191,4.95,inactive
CHEMBL1612634,COc1ccc(C(C[N+](=O)[O-])n2nc(C)cc2C)cc1,,49751,,inactive
CHEMBL1613445,CCc1ccc2nc(N(CCCN(C)C)C(=O)c3ccc(S(=O)(=O)N4CCc5ccccc5C4)cc3)sc2c1.Cl,,49746,,inactive
CHEMBL167542,Nc1ccc2c(c1)Cc1cc([N+](=O)[O-])ccc1-2,'=',6367,5.2,active
CHEMBL1688693,Cc1cc2nc(/C=C/c3nc4cc(C)c(C)cc4[nH]3)[nH]c2cc1C,'=',20865,4.68,inactive
CHEMBL1698008,Cc1ccc(S(=O)(=O)c2ccc([N+](=O)[O-])o2)cc1,'=',11190,4.95,inactive
CHEMBL1698608,CC(=NNC(=S)N1CCN(c2ccccn2)CC1)c1nccs1,'>',49782,,inactive
CHEMBL1698845,CCN(CC)c1ccc(C(=C2C=CC(=[N+](CC)CC)C=C2)c2ccc(N(CC)CC)cc2)cc1.[Cl-],,10805,,inactive
CHEMBL1699845,O=C1C(Cl)=C(Oc2ccccc2)C(=O)c2ccccc21,'=',10161,4.99,inactive
CHEMBL1700000,Cn1cnc([N+](=O)[O-])c1S(=O)(=O)Oc1cccc2ccccc12,,49740,,inactive
CHEMBL1700347,CC1=CC2OC3CC4OC(=O)C=CC=CC(=O)OCCC(C)C(O)C(=O)OCC2(CC1O)C4(C)C31CO1,,49729,,inactive
CHEMBL1701517,O=S(=O)(/C=C/C=C/S(=O)(=O)c1ccccc1)c1ccccc1,'>',49760,,inactive
CHEMBL1702031,CC(C)(C)NCC(=Cc1ccccc1)C(=O)c1ccccc1,,49851,,inactive
CHEMBL1702693,CN(C)CCC(=O)C(Cc1ccccc1)c1ccccc1.Cl,,49781,,inactive
CHEMBL1703189,O=c1c2cc([N+](=O)[O-])ccc2sn1-c1ccccc1,'>',49700,,inactive
CHEMBL1703200,O=c1c2ccc(F)cc2sn1-c1ccccc1,,23408,,inactive
CHEMBL1703795,CC(=O)OCC12CC(OC(=O)CC(C)C)C(C)=CC1OC1C(O)C(OC(C)=O)C2(C)C12CO2,,49791,,inactive
CHEMBL1703892,O=C1/C(=C\c2ccc([N+](=O)[O-])cc2)CS(=O)(=O)C/C1=C/c1ccc([N+](=O)[O-])cc1,,36398,,inactive
CHEMBL1704261,CCCC(=O)NC1=C(Cl)C(=O)c2ccccc2C1=O,'=',6778,5.17,active
CHEMBL1704703,O=C1C=CC2(C=C1)O[C@H](Cc1ccccc1)[C@@H](Cc1ccccc1)O2,'=',21753,4.66,inactive
CHEMBL1705093,CCOC(=O)c1cc([N+](=O)[O-])cc([N+](=O)[O-])c1Sc1[nH]cnc2ncnc1-2,,49687,,inactive
CHEMBL1705207,O=C(Cn1sc2ccccc2c1=O)Nc1ccc(Cl)cc1,,49746,,inactive
CHEMBL1705256,COc1ccc(CC2C(=O)NC(C)C(=O)N(C)C3Cc4ccc(cc4)Oc4cc(ccc4O)CC(C(=O)NC(C)C(=O)NC(C)C(=O)N2C)N(C)C3=O)cc1,,49751,,inactive
CHEMBL1705527,COc1cc2oc3cc(C#Cc4ccc(N)cc4)ccc3c(=O)c2cc1OC,'=',3598,5.44,active
CHEMBL1706548,CC(=O)Nc1ccc2c(=O)n(-c3ccccc3)sc2c1,'=',14397,4.84,inactive
CHEMBL1707429,Cc1ccc(S(=O)(=O)C=CS(=O)(=O)c2ccc(C)cc2)cc1,'=',13616,4.87,inactive
CHEMBL1708074,COC(=O)C1=C(C(=O)OC)SC2(S1)C(C(=O)OC)=C(C(=O)OC)Sc1c2ssc1=O,,14114,,inactive
CHEMBL1709419,O=C(Cn1sc2ccccc2c1=O)Nc1ccc(F)cc1,,19343,,inactive
CHEMBL1710136,Cc1cc2[nH]c3c4ccccc4nc(C)c3c2cc1C,,23631,,inactive
CHEMBL1710429,Cc1[nH]c2ccccc2c1C1=CC(=O)C=CC1=O,,19927,,inactive
CHEMBL1710471,Cl.O=C1/C(=C/c2ccccc2)CN(C(=O)CCN2CCOCC2)C/C1=C\c1ccccc1,,49687,,inactive
CHEMBL1710798,CC(=O)Nc1ccc2sn(-c3ccccc3)c(=O)c2c1,,23425,,inactive
CHEMBL1710816,COc1cc(N2C(=O)C=CC2=O)ccc1N1C(=O)C=CC1=O,'=',10979,4.96,inactive
CHEMBL1711514,O=[N+]([O-])c1ccc([S+]([O-])Cc2ccccc2)c([N+](=O)[O-])c1,'=',23159,4.63,inactive
CHEMBL1711797,C=C1C(=O)c2sccc2C(c2ccc(OC)c(OC)c2)C1COC(C)=O,'=',21389,4.67,inactive
CHEMBL1712082,CC1=C(O)C(=O)C=C2C1=CC=C1C2(C)CCC2(C)C3CC(C)(C(=O)O)CCC3(C)CCC12C,'=',21433,4.67,inactive
CHEMBL1712120,O=S(=O)(Nc1ccc(C(O)(C(F)(F)F)C(F)(F)F)cc1)c1ccc(Cl)c2nonc12,,41635,,inactive
CHEMBL1712229,Nc1ccc2nc(-c3ccccc3)cnc2c1,'=',7228,5.14,active
CHEMBL1712850,O=C(Cn1ncc(Cl)c(Cl)c1=O)NC(=O)NC1CCCCC1,,49746,,inactive
CHEMBL1713905,CN1C(=O)/C(=N\CCc2ccccc2)c2c3ccccc3c(O)c3cccc1c23,'=',5975,5.22,active
CHEMBL1713955,CC(=O)OC1C2(CC3N4C(=O)C5(CO)SSC4(CC31O)C(=O)N5C)OC(C)C(C)(C)C2=O,,49761,,inactive
CHEMBL1714827,CC(=O)O[C@H]1C[C@@H]2OC3C=C(C)CCC3(C)[C@@]1(C)[C@@]21CO1,,49761,,inactive
CHEMBL1717890,O=C(NC1=CC(=O)c2ccccc2C1=O)c1ccccc1,,49836,,inactive
CHEMBL1719994,Cl.O=C1/C(=C\c2ccc(Cl)c(Cl)c2)CN(C(=O)CCN2CCOCC2)C/C1=C/c1ccc(Cl)c(Cl)c1,,31412,,inactive
CHEMBL1720128,Cc1ccc(NC(=O)Cn2sc3ccccc3c2=O)cc1,,17668,,inactive
CHEMBL1720248,CCN(CC)c1ccc(C=NNc2ccc([N+](=O)[O-])cn2)cc1,'=',4504,5.35,active
CHEMBL1720734,C=CC(=O)N1C/C(=C/c2ccc(Cl)cc2)C(=O)/C(=C\c2ccc(Cl)cc2)C1,,49756,,inactive
CHEMBL1720897,CN(C)CCC(=O)N1C/C(=C/c2ccccc2)C(=O)/C(=C\c2ccccc2)C1.Cl,,49681,,inactive
CHEMBL1722641,CC(=O)OC1C(O)C(C)OC(OC2C(OC(=O)C3CCC4C(C3)OC3(CC(OC(=O)/C=C/c5ccccc5)C(C)CO3)C43CO3)OC(C)C(O)C2OC(C)=O)C1O,,49751,,inactive
CHEMBL1723607,O=C(Cn1sc2ccccc2c1=O)Nc1ccc(Br)cc1,,49766,,inactive
CHEMBL1723955,O=C1C(Cl)=C(NCCc2ccccc2)C(=O)c2ccccc21,'=',17734,4.75,inactive
CHEMBL1724428,CC1=CC2OC3CC4OC(=O)/C=C\C=CC(C(C)O)OCC(O)C(C)CC(=O)OCC2(CC1O)C4(C)C31CO1,,49751,,inactive
CHEMBL1724645,C=C1C(=O)C23CCC4C(C)(C(=O)OC)CCCC4(C)C2CCC1(O)C3,,46785,,inactive
CHEMBL1724937,CN1C(=O)/C(=N\CCO)c2c3ccccc3c(O)c3cccc1c23,'=',1392,5.86,active
CHEMBL1725771,CC(C)CCN1C(=O)c2cccc3c(N)ccc(c23)C1=O,'=',4771,5.32,active
CHEMBL1726134,O=C1C(=C(I)I)c2ccccc2-c2ccccc21,,49720,,inactive
CHEMBL1726287,O=C(NCc1ccco1)c1cccc2c1C(=O)c1ccc(N3CCC(Cc4ccccc4)CC3)cc1S2(=O)=O,'=',4400,5.36,active
CHEMBL1726534,C=CC(=O)N1C/C(=C/c2ccccc2)C(=O)/C(=C\c2ccccc2)C1,,49811,,inactive
CHEMBL1726592,O=c1c2cc(C(F)(F)F)ccc2sn1-c1ccccc1,'>',49758,,inactive
CHEMBL1727091,C=C1C(=O)C23C(O)C1CCC2C12CCCC(C)(COC(C)=O)C1C(O)C3(O)OC2,'=',32470,4.49,inactive
CHEMBL1727997,CS(=O)(=O)c1ccc(C(=O)OCC(=O)NCc2cccs2)cc1[N+](=O)[O-],'>',49760,,inactive
CHEMBL1728153,O=C1C=CC(=O)N1CCCCCCCCCCN1C(=O)C=CC1=O,'=',16299,4.79,inactive
CHEMBL1730870,CC(=O)Oc1ccccc1C(=O)C=Cc1cccc([N+](=O)[O-])c1,,49730,,inactive
CHEMBL1731017,CCN(CC)CCC(=O)N1C/C(=C/c2ccccc2)C(=O)/C(=C\c2ccccc2)C1.Cl,,49781,,inactive
CHEMBL1731330,CC(O)CN(CC(C)O)c1ccc2c(c1)Cc1cc([N+](=O)[O-])ccc1-2,'=',5091,5.29,active
CHEMBL1731349,C=CC(=O)N1C/C(=C/c2ccc(F)cc2)C(=O)/C(=C\c2ccc(F)cc2)C1,,49690,,inactive
CHEMBL1732235,O=c1c(Br)ccc(Br)cc1Br,'=',6137,5.21,active
CHEMBL1734268,O=C1C=CC(=O)N1c1ccc2c(c1)C(NC(=O)C(F)(F)F)c1ccccc1-2,'=',14485,4.84,inactive
CHEMBL1734503,COc1ccc(C[C@@H]2OC3(C=CC(=O)C=C3)O[C@H]2Cc2ccc(OC)cc2)cc1,'=',17470,4.76,inactive
CHEMBL1734763,O=C1C=CC(=O)N1c1ccccc1N1C(=O)C=CC1=O,'=',13642,4.87,inactive
CHEMBL1735539,CCOC(=O)c1c(SCCN2CCCC2)n(-c2ccccc2)c(=S)n(-c2ccccc2)c1=O,,49746,,inactive
CHEMBL1736490,COC(=O)C1=C(C(=O)OC)C2OC1c1cc3ccccc3cc12,,10150,,inactive
CHEMBL1736537,CC(=O)Nc1ccc2c(c1)Cc1cc(N3C(=O)C=CC3=O)ccc1-2,'=',7235,5.14,active
CHEMBL1736766,O=C1NC2C(O)C(O)C(O)C(O)C2c2cc3c(c(O)c21)OCO3,,49806,,inactive
CHEMBL1790039,CCN(CC)c1ccc(C(=C2C=CC(=[N+](CC)CC)C=C2)c2ccccc2)cc1.O=S(=O)([O-])O,'=',4752,5.32,active
CHEMBL179512,COc1cc(/C=C/C(O)=C/C(=O)/C=C/c2ccc(O)cc2)ccc1O,'=',8095,5.09,active
CHEMBL1864580,O=c1ccc2ccccc2c2ccccc12,,49806,,inactive
CHEMBL1864760,C#CCN(C[C@@H]1[C@@H](OC(=O)NCc2ccccc2F)[C@@H](OC(=O)NCc2ccccc2F)Cn2c(=O)ccc(=O)n21)S(=O)(=O)c1ccc(C)cc1,,49741,,inactive
CHEMBL1865393,COc1ccccc1N(C(C)=O)C1=C(Cl)C(=O)c2ccccc2C1=O,'=',5375,5.27,active
CHEMBL1867341,O=[N+]([O-])c1ccc(Sc2ccncn2)c([N+](=O)[O-])c1,,49722,,inactive
CHEMBL1871738,Cl.O=C1/C(=C\c2ccccc2)CN(C(=O)CCN2CCCCC2)C/C1=C/c1ccccc1,,49771,,inactive
CHEMBL1878035,O=C1C(=C(c2ccccc2)N2CCOCC2)Cc2ccccc21,,49791,,inactive
CHEMBL1878940,N#CC1c2ccccc2-n2nncc2CN1Cc1cc(Cl)cc(Cl)c1,,49751,,inactive
CHEMBL1881622,Cn1cnc([N+](=O)[O-])c1S(=O)(=O)Oc1ccc(Cl)cc1,,49727,,inactive
CHEMBL1881880,CC(=O)ON=C1C=CC(=C(C#N)c2ccccc2)C=C1,,49786,,inactive
CHEMBL1883309,CC(=O)OC1CCC2(C)C(CCC3C4CC=C(C(C)=O)C4(C)OC(=O)CC32)C1,,49756,,inactive
CHEMBL1889303,C=C1C(=O)[C@]23C[C@H]1CC[C@H]2[C@]1(C)[C@@H](OC(C)=O)CC[C@@](C)(C(=O)OC)[C@H]1C[C@@H]3OC(C)=O,,49801,,inactive
CHEMBL1889898,C=C1C(=O)[C@]23C[C@H]1CCC2[C@@]1(C)C(C[C@@H]3O)[C@](C)(C(=O)OC)CC[C@@H]1OC(C)=O,,18042,,inactive
CHEMBL1890919,COc1ccc(OC)c(C=Cc2ccc([N+](=O)[O-])cc2)c1,'=',8192,5.09,active
CHEMBL1895152,Cc1c(C(=O)Nc2ccccc2)c2ccc(C(F)(F)F)cc2n1O,,19442,,inactive
CHEMBL1897634,C=C1C(=O)[C@]23C[C@H]1CCC2[C@@]1(C)C(C[C@@H]3O)[C@](C)(C(=O)OC)CC[C@@H]1O,,24182,,inactive
CHEMBL1899958,COc1ccccc1NS(=O)(=O)c1cc([N+](=O)[O-])ccc1N/N=C/c1c[nH]c2ccccc12,'=',2744,5.56,active
CHEMBL1901984,C=C1C(=O)[C@]23C[C@H]1CCC2[C@]1(C)CCC[C@@](C)(C(=O)O)C1C[C@@H]3O,,49796,,inactive
CHEMBL1904111,CCSc1ccc(-c2cc(NC=O)c3ncc(-c4cccc(C(=O)NCCN(C)C)c4)n3c2)cc1,,20003,,inactive
CHEMBL1904199,O=C(NCc1ccccc1C(F)(F)F)c1cccc2c1C(=O)c1ccc(N3CCC(N4CCCCC4)CC3)cc1S2(=O)=O,'=',5890,5.23,active
CHEMBL1964993,O=[N+]([O-])c1ccc(N/N=C/C=C/c2ccco2)cc1,'=',4186,5.38,active
CHEMBL1966700,COc1ccc(C(=O)Nc2ccc(/C(C)=N/NC(=O)c3ccncc3)cc2)cc1,'>',59640,,inactive
CHEMBL1966746,C/C(=N\Nc1ccc(S(N)(=O)=O)cc1[N+](=O)[O-])c1cccs1,'>',59640,,inactive
CHEMBL1967436,CCCCCOc1ccc(Br)cc1/C(C)=N/NC1=NCCN1,,49756,,inactive
CHEMBL1967856,CS(=O)(=O)c1ccc(C(=O)OCC(=O)N2CCN(CCC3CCCCC3)CC2)cc1[N+](=O)[O-].O=C(O)C(F)(F)F,,11645,,inactive
CHEMBL1967952,CCN(CC)CCN1C(=O)/C(=C\c2ccc(Cl)c([N+](=O)[O-])c2)S/C1=N\c1ccc(OC)cc1,,49741,,inactive
CHEMBL1971127,C#CCOCCOCCOCCNc1nc(N2CCN(C(=O)CCCCCCCCCCNC(=O)[C@H](CCCCN)n3cc(C[C@@H](C)CC)nn3)CC2)nc(N2CCN(C(=O)CCCCCCCCCCNC(=O)[C@H](CCCCN)n3cc(C[C@@H](C)CC)nn3)CC2)n1,'=',7102,5.15,active
CHEMBL1971913,O=C(O)C(F)(F)F.c1cc(SC2CCCCC2)cc(-c2nc3cnccn3c2NC2CCCCC2)c1,'=',4833,5.32,active
CHEMBL1973156,O=C(/C=C1\C(=O)Nc2ccccc21)/C=C1\C(=O)Nc2ccccc21,,28601,,inactive
CHEMBL1974389,CC1=C(C)/C(=N\OS(=O)(=O)c2ccc(C)cc2)C=CC1=O,,31009,,inactive
CHEMBL1977499,CN(/N=C/c1ccc(-c2ccc([N+](=O)[O-])cc2)o1)c1ccccc1,'>',59640,,inactive
CHEMBL1980369,COc1ccc(-c2nc3cnccn3c2NC2CCCCC2)cc1-c1cccc(Cl)c1.O=C(O)C(F)(F)F,'=',6780,5.17,active
CHEMBL1981797,CC1=CC(=O)C(C(C)C)=C/C1=N/OS(=O)(=O)c1ccccc1,,49756,,inactive
CHEMBL1984244,CCCCNc1c(-c2ccc(SC3CCCCC3)cc2)nc2cnccn12.O=C(O)C(F)(F)F,'=',3709,5.43,active
CHEMBL1984584,O=[N+]([O-])c1ccc(N/N=C/c2c[nH]c3ccccc23)cc1,'=',10230,4.99,inactive
CHEMBL1985601,CN(C)c1ccc(/C=N/N(CCO)C2=NS(=O)(=O)c3ccccc32)cc1,'=',9400,5.03,active
CHEMBL1985696,COc1ccc(/C(C)=N/NC(=O)c2nnn(-c3nonc3N)c2-c2ccccc2)cc1,'>',59640,,inactive
CHEMBL1988416,O=Cc1s/c(=N\S(=O)(=O)c2ccccc2)n(CCCCl)c1Cl,'=',19538,4.71,inactive
CHEMBL1988648,CC1OC2CC(=O)OC2C2=C1C(=O)c1c(O)cccc1C2=O,,38184,,inactive
CHEMBL1990598,CN1C2CCC1/C(=C/c1ccccn1)C(=O)/C2=C\c1ccccn1,,49742,,inactive
CHEMBL1990694,CCCC/N=C1\C(=O)N(C)c2cccc3c(O)c4ccccc4c1c23,'=',9056,5.04,active
CHEMBL1991136,CN(/N=C/c1ccc(N(C)C)cc1)C1=NS(=O)(=O)c2ccccc21,'=',14965,4.83,inactive
CHEMBL1991303,C/C(=N\Nc1ccc([N+](=O)[O-])cc1)c1cc2ccccc2o1,'=',2995,5.52,active
CHEMBL1993431,COc1cc(/C=C/c2ccc3c(Br)cc(Br)c(O)c3n2)ccc1O,'=',7680,5.12,active
CHEMBL1999014,O=[N+]([O-])c1ccc(-c2ccc(/C=N/Nc3nc(NCc4ccccc4)nc(N4CCOCC4)n3)o2)cc1,'=',4695,5.33,active
CHEMBL1999049,CCn1c(Cl)c(C=O)s/c1=N\S(=O)(=O)c1ccccc1,'=',12470,4.9,inactive
CHEMBL2001648,CC(=O)OC1CC2OC3C=C(C)CCC3(C)C1(C)C21CO1,,49756,,inactive
CHEMBL2003304,CC/N=C1\C(=O)N(C)c2cccc3c(O)c4ccccc4c1c23,'=',4927,5.31,active
CHEMBL2005437,Cc1cccc(C)c1-n1c(C)cc(/C=N\Nc2ccc([N+](=O)[O-])cn2)c1C,'=',4044,5.39,active
CHEMBL2130584,CCOC(=O)[C@]12Cc3ccc(C)cc3[C@H]1N(C1CCCCC1)C(=O)c1ccccc12,,19985,,inactive
CHEMBL2130621,CCOC(=O)[C@]12Cc3ccccc3[C@H]1N(C1CCCCC1)C(=O)c1cc(OC)ccc12,,47982,,inactive
CHEMBL2130991,CCOC(=O)[C@]12Cc3ccc(C)cc3[C@H]1N(C1CCCCC1)C(=O)c1cc(OC)ccc12,,19115,,inactive
CHEMBL2132689,CCCCCN1C(=O)c2cc(OC)ccc2[C@@]2(C(=O)OCC)Cc3cc(Cl)ccc3[C@@H]12,,18758,,inactive
CHEMBL2134789,CCOC(=O)[C@]12Cc3cc(Cl)ccc3[C@H]1N(C1CCCCC1)C(=O)c1cc(OC)ccc12,,16809,,inactive
CHEMBL213580,COc1ccc([N+](=O)[O-])c(S(=O)(=O)c2ccccc2)n1,,49742,,inactive
CHEMBL2137334,CCOC(=O)[C@]12Cc3c(cc(OC)c(OC)c3OC)[C@H]1N(C1CCCCC1)C(=O)c1cc(OC)ccc12,,49756,,inactive
CHEMBL2139295,CCOC(=O)[C@]12Cc3cc(C)ccc3[C@H]1N(C1CCCCC1)C(=O)c1ccccc12,,38995,,inactive
CHEMBL2139498,CCOC(=O)[C@]12Cc3cc(OC)ccc3[C@H]1N(C1CCCCC1)C(=O)c1cc(OC)ccc12,,49745,,inactive
CHEMBL2140569,CCOC(=O)[C@]12Cc3cc(Cl)ccc3[C@H]1N(C(C)C)C(=O)c1ccccc12,,45228,,inactive
CHEMBL2143481,CCOC(=O)[C@]12Cc3c(cc(OC)c(OC)c3OC)[C@H]1N(C1CCCCC1)C(=O)c1ccccc12,,25486,,inactive
CHEMBL2144242,CCOC(=O)[C@]12Cc3cc(C)ccc3[C@H]1N(C1CCCCC1)C(=O)c1cc(OC)ccc12,,19347,,inactive
CHEMBL2144534,CCOC(=O)[C@]12Cc3cc(OC)ccc3[C@H]1N(C1CCCCC1)C(=O)c1ccccc12,,49745,,inactive
CHEMBL2144540,CCOC(=O)[C@]12Cc3cc(Cl)ccc3[C@H]1N(C1CCCCC1)C(=O)c1ccccc12,,19946,,inactive
CHEMBL2373614,CC1=C(CO)C(=O)OC([C@@H](C)C2CC[C@H]3C4C[C@H]5O[C@]56[C@@H](O)C=CC(=O)[C@]6(C)C4CC[C@]23C)C1,,49766,,inactive
CHEMBL260148,CC(C)[C@H](NC(=O)OC(C)(C)C)c1nnc(S(=O)(=O)Cc2c(F)cccc2Cl)o1,,10482,,inactive
CHEMBL309016,COc1cc(/C=C/[N+](=O)[O-])ccc1O,,49796,,inactive
CHEMBL309474,C=C1CC(Cn2cc(Br)c(=O)[nH]c2=O)(c2ccc(-c3ccccc3)cc2)OC1=O,,12196,,inactive
CHEMBL3189224,CCCCCCSc1cc(-c2nc3cnccn3c2NCCCC)ccc1OC.O=C(O)C(F)(F)F,'=',7425,5.13,active
CHEMBL3190111,COCCCn1/c(=N/C(=O)c2ccccc2)c(C#N)cc2c(=O)n3cccc(C)c3nc21,'>',59640,,inactive
CHEMBL3190145,O=C(CN1CCN(S(=O)(=O)c2ccc(Br)cc2)CC1)N/N=C/c1ccc(Cl)c([N+](=O)[O-])c1,,48731,,inactive
CHEMBL3190779,CN(C)S(=O)(=O)c1cccc(NC(=S)N/N=C/C2CC=CCC2)c1,'=',334.63,6.47,active
CHEMBL3191623,CC(=C/c1ccccc1)/C=N/n1c(S)nnc1-c1ccncc1,'=',3255,5.49,active
CHEMBL3191768,COc1ccc(OC)c(/C=N/NC(=O)CC2C(=O)NN=C2C)c1,'=',2131,5.67,active
CHEMBL3193161,CC(=C/c1ccccc1)/C=N/n1c(C)nnc1S,'=',2503,5.6,active
CHEMBL3194162,O=C(O)c1cccc(NC(=S)N/N=C/c2ccccc2OCc2cccc(Br)c2)c1,'=',1161,5.93,active
CHEMBL3194164,Oc1c(Br)cc(/C=N/n2c(S)nnc2-c2ccccc2)cc1Br,'=',6096,5.21,active
CHEMBL3194460,O=C(O)c1cccc(NC(=S)N/N=C/c2ccccc2OCc2ccc(Br)cc2)c1,'=',885,6.05,active
CHEMBL3194647,O=[N+]([O-])c1ccccc1/C=C/C=N/n1c(S)nnc1-c1ccccc1F,'>',6627,,active
CHEMBL3195010,COc1ccc(/C=N/Nc2ccc([N+](=O)[O-])cc2)cc1O,'=',10743,4.97,inactive
CHEMBL3195455,COc1ccc(/N=C2\S/C(=C\c3ccc(Cl)c([N+](=O)[O-])c3)C(=O)N2CCN(C)C)cc1.Cl,,49745,,inactive
CHEMBL3196601,O=C(O)COc1ccccc1/C=N/n1c(S)nnc1C1CCCCC1,'=',8619,5.07,active
CHEMBL3196939,CCc1nnc(S)n1/N=C/C(C)=C\c1ccccc1,'=',332.29,6.48,active
CHEMBL3197536,CCc1nnc(S)n1/N=C/c1ccc(NC(C)=O)cc1,'=',2078,5.68,active
CHEMBL3197908,COc1ccc2nc(C)cc(N/N=C/c3ccc(F)cc3)c2c1,'=',2129,5.67,active
CHEMBL3198439,CC(C)n1cc(/C=N/Nc2ccc(Cl)c(C(=O)O)c2)c2ccccc21,'>',59640,,inactive
CHEMBL3199800,O=[N+]([O-])c1ccccc1/C=N/n1c(S)nnc1C(F)(F)F,'=',3120,5.51,active
CHEMBL3199893,CNC(=S)N/N=C/c1ccc(OCc2ccccc2)c(Br)c1,'=',7792,5.11,active
CHEMBL3207378,C/C(=N\O)c1ccc2c3c([nH]c2c1)CCCC3,'>',59640,,inactive
CHEMBL3207597,C/C(=N\Nc1ccc([N+](=O)[O-])cc1)c1ccc2c(c1)OCO2,'=',12521,4.9,inactive
CHEMBL3213100,COc1cc(OC)c(OC)cc1/C=N/NC(=O)CC1C(=O)NN=C1C,'=',1460,5.84,active
CHEMBL327502,COc1ccc(-n2sc3ccccc3c2=O)cc1,,27039,,inactive
CHEMBL335619,O=C(O)Cn1cccc1C(=O)c1ccccc1,'=',4035,5.39,active
CHEMBL3392492,CC(OC(=O)c1ccc(S(C)(=O)=O)c([N+](=O)[O-])c1)C(=O)NC1C2CC3CC(C2)CC1C3,,49751,,inactive
CHEMBL367376,O=C1NC2C(=CC(O)C(O)C2O)c2cc3c(c(O)c21)OCO3,,49732,,inactive
CHEMBL374632,CCN(CC)c1ccc2cc(-c3nc4ccccc4[nH]3)c(=O)oc2c1,'=',2728,5.56,active
CHEMBL423192,COc1ccc(C[C@H]2NC[C@H](O)[C@H]2OC(C)=O)cc1,,49751,,inactive
CHEMBL428064,O=S1(=O)Nc2c(ccc3cccnc23)-c2ccccc21,'>',49745,,inactive
CHEMBL429095,O=C1C(SCCO)=C(SCCO)C(=O)c2ccccc21,'=',12149,4.92,inactive
CHEMBL432044,O=C1Cc2ccccc2C(=O)N1c1ccccc1,'=',3968,5.4,active
CHEMBL45152,O=c1c2ccccc2sn1-c1ccccc1,,16634,,inactive
CHEMBL505670,O=[N+]([O-])c1ccc(Sc2cccc[n+]2[O-])c2nonc12,'=',7626,5.12,active
CHEMBL509617,CC1CC(C)(O)CC(C(O)CC2CC(=O)NC(=O)C2)C1=O,,49685,,inactive
CHEMBL518575,Cn1cccc1/C=C1\CCC/C(=C\c2cccn2C)C1=O,'=',10863,4.96,inactive
CHEMBL523200,O=[N+]([O-])c1ccc(Sc2nc3ccccc3o2)c([N+](=O)[O-])c1,,49751,,inactive
CHEMBL533293,CCN1/C(=C/C=C/c2oc3ccc4ccccc4c3[n+]2CC)Oc2ccc3ccccc3c21.Cc1ccc(S(=O)(=O)[O-])cc1,'>',59640,,inactive
CHEMBL535307,CCC1CN2CCc3cc(OC)c(OC)cc3C2CC1CC1NCCc2c1[nH]c1ccc(O)cc21,,49796,,inactive
CHEMBL578929,CC1CC(C)CC(C)C(O)C(C#N)=CC=CCC(C2CCCC2C(=O)O)OC(=O)CC(O)C(C)C1,,49786,,inactive
CHEMBL58,O=C1c2c(O)ccc(O)c2C(=O)c2c(NCCNCCO)ccc(NCCNCCO)c21,'=',630,6.2,active
CHEMBL582983,CC(=O)OC1(C)CC(C)C(=O)C(C(O)CC2CC(=O)NC(=O)C2)C1,,49771,,inactive
CHEMBL587994,CCC(/C=C1\Sc2ccc3ccccc3c2N1C)=C\c1sc2ccc3ccccc3c2[n+]1C.[Cl-],'>',59640,,inactive
CHEMBL598263,COc1ccc(CC2NCC(O)C2OC(C)=O)cc1,,49743,,inactive
CHEMBL598477,O=C(Nc1ccc2oc(-c3ccccc3F)nc2c1)c1ccc([N+](=O)[O-])o1,'>',59640,,inactive
CHEMBL599098,O=[N+]([O-])c1cc(Br)c(Nc2ccccc2)c([N+](=O)[O-])c1,,49756,,inactive
CHEMBL601543,CCN1/C(=C/C=C/c2oc3ccc(-c4ccccc4)cc3[n+]2CC)Oc2ccc(-c3ccccc3)cc21.CCOS(=O)(=O)[O-],'=',10706,4.97,inactive
CHEMBL607553,Cc1cccc(-n2ncc(Cl)c(Cl)c2=O)c1,,49801,,inactive
CHEMBL610198,O=c1c(Cl)c(Cl)cnn1-c1ccccc1,,49747,,inactive
CHEMBL61559,COc1ccc(C(=O)/C=C/c2ccc(N(C)C)cc2)c(OC)c1,'=',4712,5.33,active
